case_id,question,count,combos,patient_info,document_name,baseline_answer,rag_answer,ground_truth
Case10451,Q2,8,"['top1_10retrieve_gpt_5_gpt_5_mini_update', 'top1_10retrieve_gpt_5_mini_gpt_5_mini_update', 'top1_30retrieve_gpt_5_gpt_5_mini_update', 'top1_30retrieve_gpt_5_mini_gpt_5_mini_update', 'top3_10retrieve_gpt_5_gpt_5_mini_update', 'top3_10retrieve_gpt_5_mini_gpt_5_mini_update', 'top3_30retrieve_gpt_5_gpt_5_mini_update', 'top3_30retrieve_gpt_5_mini_gpt_5_mini_update']","The patient is a 10-year-old with moderate to severe intellectual disability diagnosed in childhood who was referred by neurology for whole exome sequencing (WES) to evaluate an unexplained neurodevelopmental disorder; prior chromosomal microarray (CMA) testing was nondiagnostic. There is a family history of a sibling who had a brief resolved unexplained event characterized by altered level of responsiveness with cyanosis, pallor, and irregular breathing. The neurologist placed the order, there is no documentation of prior genetic counseling, and testing will be pursued with coverage through UHC.",United Healthcare_whole-exome-and-whole-genome-sequencing.pdf,Yes,No,Yes
Case10850,Q2,2,"['top1_30retrieve_gpt_5_gpt_5_mini_update', 'top1_30retrieve_gpt_5_mini_gpt_5_mini_update']","The patient is a 13-year-old with global developmental delay being evaluated by a developmental pediatrician and whole genome sequencing (WGS) has been ordered to search for an underlying genetic etiology; prior fluorescence in situ hybridization (FISH) testing was nondiagnostic, there is a family history of an aunt with dysmorphic features, and the family completed pre-test genetic counseling with plans for post-test follow-up, with testing pursued through UHC coverage.",United Healthcare_whole-exome-and-whole-genome-sequencing.pdf,Yes,No,Yes
Case13517,Q2,1,['top1_10retrieve_gpt_5_gpt_5_mini_update'],"The 16-year-old patient was referred by a developmental pediatrician for evaluation of conjugated hyperbilirubinemia not attributable to total parenteral nutritionâ€“associated cholestasis, and whole exome sequencing (WES) was ordered to evaluate for an underlying genetic cause given a sibling with laboratory abnormalities suggestive of an inborn error of metabolism. Fragile X testing was previously performed and was nondiagnostic. Pre-test counseling was completed with a genetic counselor and post-test counseling is planned, and testing will be billed through UHC.",United Healthcare_whole-exome-and-whole-genome-sequencing.pdf,Yes,No,Yes
Case13675,Q2,1,['top3_30retrieve_gpt_5_mini_gpt_5_mini_update'],"The patient is an 8-week-old infant referred by a neonatologist for evaluation of significant congenital hearing and/or visual impairment identified in early infancy, and whole genome sequencing (WGS) is being pursued for diagnostic clarification; prior fluorescence in situ hybridization testing was nondiagnostic. The family history is notable for a father with long QT syndrome, which will be considered in interpretation of any cardiac-associated findings. There is no documentation of pre-test genetic counseling and testing is being requested with coverage through UHC with planned post-test follow-up by the neonatal team.",United Healthcare_whole-exome-and-whole-genome-sequencing.pdf,Yes,No,Yes
Case15938,Q2,2,"['top3_10retrieve_gpt_5_mini_gpt_5_mini_update', 'top3_30retrieve_gpt_5_gpt_5_mini_update']","The patient is a one-week-old infant under the care of a neonatologist being evaluated for conjugated hyperbilirubinemia not related to total parenteral nutrition and whole-genome sequencing (WGS) is being considered to identify a potential genetic cholestatic or metabolic etiology; prior karyotype testing was nondiagnostic, there is a family history of a sibling with unexplained developmental regression unrelated to autism or epilepsy, no pretest genetic counseling is documented, and the family has coverage through UHC.",United Healthcare_whole-exome-and-whole-genome-sequencing.pdf,Yes,No,Yes
Case18257,Q1,1,['top1_10retrieve_gpt_5_mini_gpt_5_mini_update'],"The 64-year-old patient has a history of breast cancer diagnosed at age 50 or younger and is being evaluated for BRCA1/2 testing to assess hereditary breast and ovarian cancer risk. Chromosomal microarray (CMA) testing was previously performed and was nondiagnostic, family history is notable for a sibling with short stature, the test was ordered by the patient's general practitioner, there is no documentation of prior genetic counseling, and coverage is through Cigna.",Cigna_MOL.TS_.238.A_BRCA_Analysis_eff01.01.2025_pub09.10.2024_1.pdf,Yes,No,Yes
Case18868,Q1,3,"['top1_10retrieve_gpt_5_gpt_5_mini_update', 'top1_10retrieve_gpt_5_mini_gpt_5_mini_update', 'top3_10retrieve_gpt_5_gpt_5_update']","The patient is a 41-year-old with a diagnosis of primary peritoneal carcinoma who was evaluated by a medical geneticist and for whom whole genome sequencing (WGS) has been ordered to assess for an underlying hereditary cancer predisposition; prior karyotype testing was nondiagnostic. Her mother reportedly has a persistent and severe hematologic disorder, which raised concern for a heritable syndrome affecting cancer and hematologic risk. Coverage is through Cigna, and there was no documented record of pre-test genetic counseling in the materials provided.",Cigna_MOL.TS_.306.C_Whole_Genome_Sequencing_Cigna_eff01.01.2025_pub09.10.2024.pdf,No,Yes,No
Case18882,Q2,3,"['top1_10retrieve_gpt_5_mini_gpt_5_mini_update', 'top1_30retrieve_gpt_5_gpt_5_mini_update', 'top3_10retrieve_gpt_5_mini_gpt_5_mini_update']","An 8-year-old child is referred by a developmental pediatrician for evaluation of multiple congenital anomalies affecting several organ systems, and whole exome sequencing (WES) is being requested with coverage through UHC; prior fluorescent in situ hybridization (FISH) testing was nondiagnostic, the family reports that the mother has long QT syndrome, and the family declined pre-test genetic counseling but agreed to proceed with testing with plans to coordinate post-test counseling to review results and management.",United Healthcare_whole-exome-and-whole-genome-sequencing.pdf,Yes,No,Yes
Case19321,Q2,1,['top1_30retrieve_gpt_5_gpt_5_mini_update'],"The patient is a 1-year-old referred by a neurologist for evaluation of a complex neurodevelopmental disorder with features concerning for autism spectrum disorder, and whole exome sequencing (WES) is being pursued to investigate a possible genetic etiology; prior chromosomal microarray (CMA) testing was nondiagnostic. A maternal aunt is reported to have multiple congenital anomalies, pre-test genetic counseling was completed, and plans are in place for post-test follow-up, with coverage through UHC.",United Healthcare_whole-exome-and-whole-genome-sequencing.pdf,Yes,No,Yes
Case19905,Q2,3,"['top1_10retrieve_gpt_5_gpt_5_mini_update', 'top3_10retrieve_gpt_5_gpt_5_mini_update', 'top3_30retrieve_gpt_5_mini_gpt_5_mini_update']","The patient is a 3-year-old referred by the developmental pediatrician for evaluation of multiple congenital anomalies and is being considered for whole exome sequencing (WES) with coverage through UHC; prior karyotype testing was nondiagnostic, there is a family history notable for a mother with long QT syndrome, and no genetic counseling has been conducted to date.",United Healthcare_whole-exome-and-whole-genome-sequencing.pdf,Yes,No,Yes
Case3359,Q2,1,['top1_30retrieve_gpt_5_mini_gpt_5_mini_update'],"The patient is a 4-year-old child referred by a developmental pediatrician for evaluation of significant hypotonia and ongoing developmental concerns; chromosomal microarray (CMA) testing was previously performed and was nondiagnostic, and there is a family history notable for a sibling with developmental delay. Whole exome sequencing (WES) is being requested to evaluate for an underlying genetic etiology, pre-test counseling has been completed with a genetic counselor on multiple occasions, and plans for post-test follow-up and care coordination are in place with coverage through UHC.",United Healthcare_whole-exome-and-whole-genome-sequencing.pdf,Yes,No,Yes
Case3465,Q1,1,['top1_30retrieve_gpt_5_gpt_5_update'],"The patient is a 2-year-old being evaluated by a medical geneticist for developmental delay and intellectual disability without a specific syndrome suspected, and whole genome sequencing (WGS) has been ordered to search for an underlying genetic etiology with coverage through UHC, prior Fragile X testing was nondiagnostic, and there is a family history of Long QT syndrome in the patient's father; pre-test counseling was completed with a genetic counselor and plans are in place for post-test counseling and result review.",United Healthcare_whole-exome-and-whole-genome-sequencing.pdf,Yes,No,Yes
Case4067,Q2,5,"['top1_10retrieve_gpt_5_gpt_5_mini_update', 'top1_10retrieve_gpt_5_mini_gpt_5_mini_update', 'top1_30retrieve_gpt_5_gpt_5_mini_update', 'top3_10retrieve_gpt_5_gpt_5_mini_update', 'top3_10retrieve_gpt_5_mini_gpt_5_mini_update']","The 5-year-old was referred by a developmental pediatrician for evaluation of significant hypotonia and whole exome sequencing (WES) has been ordered to assess for an underlying genetic etiology; prior chromosomal karyotype testing was nondiagnostic, and there is a family history of sudden unexplained death in a paternal uncle before age 35 that raises concern for a heritable disorder, with the family reporting coverage through UHC.",United Healthcare_whole-exome-and-whole-genome-sequencing.pdf,Yes,No,Yes
Case5230,Q2,7,"['top1_10retrieve_gpt_5_gpt_5_mini_update', 'top1_10retrieve_gpt_5_mini_gpt_5_mini_update', 'top1_30retrieve_gpt_5_gpt_5_mini_update', 'top1_30retrieve_gpt_5_mini_gpt_5_mini_update', 'top3_10retrieve_gpt_5_mini_gpt_5_mini_update', 'top3_30retrieve_gpt_5_gpt_5_mini_update', 'top3_30retrieve_gpt_5_mini_gpt_5_mini_update']","The 15-year-old adolescent was referred by neurology for whole exome sequencing (WES) to evaluate a congenital anomaly after a nondiagnostic chromosomal microarray (CMA). There is a family history of an inborn error of metabolism in a sibling, the patient has coverage through UHC, and genetic counseling was declined at this time.",United Healthcare_whole-exome-and-whole-genome-sequencing.pdf,Yes,No,Yes
Case5380,Q2,5,"['top1_30retrieve_gpt_5_gpt_5_mini_update', 'top1_30retrieve_gpt_5_mini_gpt_5_mini_update', 'top3_10retrieve_gpt_5_mini_gpt_5_update', 'top3_10retrieve_gpt_5_mini_gpt_5_mini_update', 'top3_30retrieve_gpt_5_gpt_5_mini_update']","An 8-week-old infant is referred by neurology for evaluation of high-risk brief resolved unexplained events (BRUE) with recurrent witnessed seizure-like episodes, and whole genome sequencing (WGS) is requested to assess for an underlying genetic cause; prior chromosomal microarray (CMA) testing was nondiagnostic, and there is a maternal history of short stature as a growth abnormality, the family declined pre-test genetic counseling, and testing will be pursued with coverage through UHC.",United Healthcare_whole-exome-and-whole-genome-sequencing.pdf,Yes,No,Yes
Case5605,Q1,1,['top1_10retrieve_gpt_5_gpt_5_mini_update'],"The patient is an 11-year-old being evaluated for a major congenital cardiac anomaly and was referred by an obstetrician for whole genome sequencing (WGS) to assess for an underlying genetic cause. A prior chromosomal microarray (CMA) was nondiagnostic, pre-test counseling was completed with a genetic specialist, and insurance coverage is through BCBS_FEP. Family history is notable for a maternal aunt with pancreatic cancer.",BCBS_FEP_204102 Whole Exome and.pdf,Yes,No,Yes
Case5674,Q1,1,['top1_30retrieve_gpt_5_mini_gpt_5_mini_update'],"A 9-year-old child with persistent seizures is being evaluated by a general practitioner and has had multiple visits with a genetic counselor; a prior chromosomal microarray (CMA) was nondiagnostic, and the team plans whole exome sequencing (WES) to investigate a possible genetic epilepsy syndrome given a family history notable for sudden unexplained death in an uncle before age 35, with testing requested under BCBS_FEP and arrangements for post-test follow-up with genetics.",BCBS_FEP_204102 Whole Exome and.pdf,Yes,No,Yes
Case6451,Q2,1,['top3_30retrieve_gpt_5_mini_gpt_5_mini_update'],"The 7-week-old infant was evaluated by a developmental pediatrician for significant hypotonia and whole genome sequencing (WGS) is being pursued to identify a potential genetic cause. The family reports that the mother has a history of a persistent, severe immunologic or hematologic disorder. A prior karyotype was nondiagnostic. Pre-test counseling has been completed and post-test follow-up with genetics is planned, and testing is being obtained with coverage through UHC.",United Healthcare_whole-exome-and-whole-genome-sequencing.pdf,Yes,No,Yes
Case7604,Q2,2,"['top1_30retrieve_gpt_5_gpt_5_mini_update', 'top3_10retrieve_gpt_5_mini_gpt_5_mini_update']",The neonate was referred by a neurologist for evaluation of multiple congenital anomalies affecting several organ systems and whole genome sequencing (WGS) has been ordered to evaluate for an underlying genetic etiology. Fluorescence in situ hybridization (FISH) testing was performed previously and was nondiagnostic. There is a family history notable for an older sibling with multiple congenital anomalies. The family has coverage through UHC and they declined genetic counseling at this time.,United Healthcare_whole-exome-and-whole-genome-sequencing.pdf,Yes,No,Yes
Case8288,Q1,2,"['top1_10retrieve_gpt_5_mini_gpt_5_mini_update', 'top1_30retrieve_gpt_5_mini_gpt_5_update']","Fetal imaging at 36 weeks' gestation is concerning for a major congenital cardiac anomaly and the pregnancy was referred by a developmental pediatrician for genetic evaluation. A chromosomal microarray (CMA) was previously performed and was nondiagnostic. There is a family history of an inborn error of metabolism affecting an older sibling, and the parents have had multiple sessions with a genetic counselor. Given the late-gestation identification of a significant cardiac malformation and the nondiagnostic CMA, whole exome sequencing (WES) is being pursued to evaluate for an underlying genetic etiology that could inform perinatal and postnatal management, with coverage through UHC noted.",United Healthcare_whole-exome-and-whole-genome-sequencing.pdf,Yes,No,Yes
Case8661,Q1,1,['top1_30retrieve_gpt_5_mini_gpt_5_update'],The patient is a 7-year-old referred by the child's neurologist for evaluation of a significant hearing or visual impairment identified in childhood and whole genome sequencing (WGS) is requested to investigate a possible genetic cause. Fragile X testing was previously performed and was nondiagnostic. There is a family history of a sibling who developed an epileptic encephalopathy before three years of age. Genetic counseling was offered but the family declined pre-test counseling; testing is being pursued with coverage through UHC and plans are in place to provide post-test genetic counseling and genetics follow-up if results are informative.,United Healthcare_whole-exome-and-whole-genome-sequencing.pdf,Yes,No,Yes
Case8661,Q2,1,['top1_30retrieve_gpt_5_mini_gpt_5_mini_update'],The patient is a 7-year-old referred by the child's neurologist for evaluation of a significant hearing or visual impairment identified in childhood and whole genome sequencing (WGS) is requested to investigate a possible genetic cause. Fragile X testing was previously performed and was nondiagnostic. There is a family history of a sibling who developed an epileptic encephalopathy before three years of age. Genetic counseling was offered but the family declined pre-test counseling; testing is being pursued with coverage through UHC and plans are in place to provide post-test genetic counseling and genetics follow-up if results are informative.,United Healthcare_whole-exome-and-whole-genome-sequencing.pdf,Yes,No,Yes
Case8710,Q2,2,"['top1_30retrieve_gpt_5_mini_gpt_5_mini_update', 'top3_10retrieve_gpt_5_gpt_5_mini_update']","The patient is a 12-year-old who was referred by a developmental pediatrician for genetic evaluation of autism spectrum disorder with at least one additional abnormality affecting another organ system, and whole exome sequencing (WES) has been requested to investigate an underlying genetic etiology. Prior karyotype testing was nondiagnostic. There is a reported family history of neurologic disease in a paternal uncle characterized by dystonia and ataxia. No pre-test genetic counseling was documented and the family plans to proceed with testing with coverage through UHC.",United Healthcare_whole-exome-and-whole-genome-sequencing.pdf,Yes,No,Yes
