case_id,count,combos,patient_info,document_name,Q7_baseline,Q7_rag,Q7_gt
Case5303,3,"['top1_10retrieve', 'top3_10retrieve', 'top3_30retrieve']","The 37-year-old patient was referred by neurology for BRCA1 and BRCA2 testing in the setting of a major abnormality affecting at least one organ system and a family history notable for a brother who died suddenly and unexpectedly before age 35; no prior genetic testing has been performed and no pre-test genetic counseling was conducted, and the patient has coverage through UHC.",United Healthcare_genetic-testing-hereditary-cancer.pdf,81277,81162,81162
Case6478,2,"['top3_10retrieve', 'top3_30retrieve']","A 52-year-old man with metastatic prostate cancer is being referred by his general practitioner for germline BRCA1 and BRCA2 testing because of a family history notable for a father with pancreatic cancer; he has had no prior genetic testing, pre-test genetic counseling was not completed, and testing is being pursued with coverage through UHC to inform therapeutic options and cascade testing for at-risk relatives with plans for post-test counseling and oncology follow-up once results are available.",United Healthcare_genetic-testing-hereditary-cancer.pdf,81277,81162,81162
Case16246,2,"['top1_30retrieve', 'top3_30retrieve']","The patient is a 35-year-old woman with a personal history of breast cancer who meets criteria for hereditary testing because her diagnosis occurred before age 50, and she is being referred by her gynecologist for BRCA1 and BRCA2 testing with coverage through UHC; she reports a family history notable for an uncle with pancreatic cancer, prior karyotype testing was performed and was nondiagnostic, and no pre-test genetic counseling has been conducted.",United Healthcare_genetic-testing-hereditary-cancer.pdf,Not Specified,81162,81162
Case19255,2,"['top1_30retrieve', 'top3_30retrieve']","The patient is a 38-year-old woman with a history of two separate primary breast cancers who was referred by her neurologist for BRCA1/2 testing to evaluate for hereditary breast and ovarian cancer predisposition, she reports a family history notable for a father with metastatic prostate cancer, prior fluorescence in situ hybridization testing was nondiagnostic, and pre-test counseling was completed with a genetic specialist with testing to be pursued with coverage through UHC.",United Healthcare_genetic-testing-hereditary-cancer.pdf,81277,81162,81162
Case11855,1,['top3_30retrieve'],"The patient is a 14-year-old being evaluated by a developmental pediatrician for a congenital anomaly affecting a single organ system with concern for an underlying genetic etiology, and chromosomal microarray (CMA) is being ordered to assess for copy number variants associated with developmental disorders; Fragile X testing was previously performed and was nondiagnostic. There is a family history notable for a maternal aunt with triple-negative breast cancer, which was discussed as part of the risk assessment during pre-test counseling. Pre-test counseling was completed with a genetic specialist and plans for post-test follow-up were made, and testing will be pursued with coverage through UHC.",United Healthcare_chromosome-microarray-testing.pdf,Not Specified,81228,81228
Case2211,1,['top3_10retrieve'],"A 21-year-old patient is referred by a general practitioner for BRCA1 and BRCA2 (breast cancer susceptibility) testing because of a personal history of a primary solid tumor and reports of at least two additional affected blood relatives on the same side of the family; the patient states that the mother carries a known BRCA2 pathogenic variant. No prior genetic testing has been performed, and pre-test counseling was completed with a genetic specialist with plans for post-test follow-up. Testing is being requested through UHC to clarify hereditary cancer risk and to guide management for this young adult.",United Healthcare_genetic-testing-hereditary-cancer.pdf,81277,81162,81162
Case15820,1,['top3_10retrieve'],"The patient is a 31-year-old adult followed by neurology for developmental delay and intellectual disability without a suspected specific syndrome, and chromosomal microarray (CMA) has been ordered to evaluate for underlying copy number variants; no prior genetic testing has been reported, and the patient has completed multiple pre-test counseling sessions with a genetic counselor with plans for post-test follow-up, with insurance coverage through Cigna, and a pertinent family history of a mother who was diagnosed with breast cancer before age 50.",Cigna_MOL.TS_.150A_CMA_for_Developmental_Disorders_and_Prenatal_Diagnosis_eff01.01.2025_pub09.10.2024_1.pdf,81415,81228,81228
Case3677,1,['top3_30retrieve'],"She is a 46-year-old woman with a personal history of breast cancer who is undergoing BRCA1/2 testing because of a close relative with pancreatic cancer and multiple other primary solid tumors on the same side of the family; prior chromosomal microarray (CMA) testing was nondiagnostic. The patient was referred by a nurse practitioner and completed pre-test genetic counseling with plans for post-test follow-up, and testing will be billed to UHC. Her family history is notable for a mother with pancreatic cancer and at least two additional affected relatives on the maternal side.",United Healthcare_genetic-testing-hereditary-cancer.pdf,Not Specified,81162,81162
Case5674,1,['top1_30retrieve'],"A 9-year-old child with persistent seizures is being evaluated by a general practitioner and has had multiple visits with a genetic counselor; a prior chromosomal microarray (CMA) was nondiagnostic, and the team plans whole exome sequencing (WES) to investigate a possible genetic epilepsy syndrome given a family history notable for sudden unexplained death in an uncle before age 35, with testing requested under BCBS_FEP and arrangements for post-test follow-up with genetics.",BCBS_FEP_204102 Whole Exome and.pdf,81415,Not Specified,Not Specified
