case_id,retrieval_config,patient_info,baseline_pred,answer,rag_pred,rag_correct
Case12834,top1_10retrieve,"The patient is a 16-year-old referred by a developmental pediatrician for evaluation of a complex neurodevelopmental disorder affecting at least one organ system, and chromosomal microarray (CMA) testing has been ordered although the requisition specifies a tumor-type rather than a germline assay; prior Fragile X testing was nondiagnostic. There is a family history notable for a maternal uncle with a movement disorder described as dystonia and ataxia, genetic counseling is not documented in the record, and testing will be billed through Cigna.",81228,81277,Not Specified,False
Case3592,top1_10retrieve,"The patient is a neonate evaluated by a developmental pediatrician for unexplained epileptic encephalopathy with neonatal onset and no prior epilepsy multigene panel testing; chromosomal microarray (CMA) testing for developmental disorders is being requested. A prior chromosomal microarray was nondiagnostic. There is a family history of an older sibling with unexplained developmental regression unrelated to autism or epilepsy. Pre-test counseling was discussed with a genetic specialist and post-test follow-up is planned, and testing is being submitted with coverage through Cigna.",81162,81228,Not Specified,False
Case3677,top1_10retrieve,"She is a 46-year-old woman with a personal history of breast cancer who is undergoing BRCA1/2 testing because of a close relative with pancreatic cancer and multiple other primary solid tumors on the same side of the family; prior chromosomal microarray (CMA) testing was nondiagnostic. The patient was referred by a nurse practitioner and completed pre-test genetic counseling with plans for post-test follow-up, and testing will be billed to UHC. Her family history is notable for a mother with pancreatic cancer and at least two additional affected relatives on the maternal side.",81277,81162,Not Specified,False
Case5303,top1_10retrieve,"The 37-year-old patient was referred by neurology for BRCA1 and BRCA2 testing in the setting of a major abnormality affecting at least one organ system and a family history notable for a brother who died suddenly and unexpectedly before age 35; no prior genetic testing has been performed and no pre-test genetic counseling was conducted, and the patient has coverage through UHC.",81277,81162,81162,True
Case6478,top1_10retrieve,"A 52-year-old man with metastatic prostate cancer is being referred by his general practitioner for germline BRCA1 and BRCA2 testing because of a family history notable for a father with pancreatic cancer; he has had no prior genetic testing, pre-test genetic counseling was not completed, and testing is being pursued with coverage through UHC to inform therapeutic options and cascade testing for at-risk relatives with plans for post-test counseling and oncology follow-up once results are available.",81415,81162,Not Specified,False
Case11855,top1_30retrieve,"The patient is a 14-year-old being evaluated by a developmental pediatrician for a congenital anomaly affecting a single organ system with concern for an underlying genetic etiology, and chromosomal microarray (CMA) is being ordered to assess for copy number variants associated with developmental disorders; Fragile X testing was previously performed and was nondiagnostic. There is a family history notable for a maternal aunt with triple-negative breast cancer, which was discussed as part of the risk assessment during pre-test counseling. Pre-test counseling was completed with a genetic specialist and plans for post-test follow-up were made, and testing will be pursued with coverage through UHC.",81415,81228,81425,False
Case12834,top1_30retrieve,"The patient is a 16-year-old referred by a developmental pediatrician for evaluation of a complex neurodevelopmental disorder affecting at least one organ system, and chromosomal microarray (CMA) testing has been ordered although the requisition specifies a tumor-type rather than a germline assay; prior Fragile X testing was nondiagnostic. There is a family history notable for a maternal uncle with a movement disorder described as dystonia and ataxia, genetic counseling is not documented in the record, and testing will be billed through Cigna.",81425,81277,81228,False
Case15820,top1_30retrieve,"The patient is a 31-year-old adult followed by neurology for developmental delay and intellectual disability without a suspected specific syndrome, and chromosomal microarray (CMA) has been ordered to evaluate for underlying copy number variants; no prior genetic testing has been reported, and the patient has completed multiple pre-test counseling sessions with a genetic counselor with plans for post-test follow-up, with insurance coverage through Cigna, and a pertinent family history of a mother who was diagnosed with breast cancer before age 50.",81415,81228,Not Specified,False
Case19255,top1_30retrieve,"The patient is a 38-year-old woman with a history of two separate primary breast cancers who was referred by her neurologist for BRCA1/2 testing to evaluate for hereditary breast and ovarian cancer predisposition, she reports a family history notable for a father with metastatic prostate cancer, prior fluorescence in situ hybridization testing was nondiagnostic, and pre-test counseling was completed with a genetic specialist with testing to be pursued with coverage through UHC.",81277,81162,81162,True
Case5303,top1_30retrieve,"The 37-year-old patient was referred by neurology for BRCA1 and BRCA2 testing in the setting of a major abnormality affecting at least one organ system and a family history notable for a brother who died suddenly and unexpectedly before age 35; no prior genetic testing has been performed and no pre-test genetic counseling was conducted, and the patient has coverage through UHC.",81277,81162,Not Specified,False
Case6478,top1_30retrieve,"A 52-year-old man with metastatic prostate cancer is being referred by his general practitioner for germline BRCA1 and BRCA2 testing because of a family history notable for a father with pancreatic cancer; he has had no prior genetic testing, pre-test genetic counseling was not completed, and testing is being pursued with coverage through UHC to inform therapeutic options and cascade testing for at-risk relatives with plans for post-test counseling and oncology follow-up once results are available.",81228,81162,Not Specified,False
Case11855,top3_10retrieve,"The patient is a 14-year-old being evaluated by a developmental pediatrician for a congenital anomaly affecting a single organ system with concern for an underlying genetic etiology, and chromosomal microarray (CMA) is being ordered to assess for copy number variants associated with developmental disorders; Fragile X testing was previously performed and was nondiagnostic. There is a family history notable for a maternal aunt with triple-negative breast cancer, which was discussed as part of the risk assessment during pre-test counseling. Pre-test counseling was completed with a genetic specialist and plans for post-test follow-up were made, and testing will be pursued with coverage through UHC.",81425,81228,Not Specified,False
Case12834,top3_10retrieve,"The patient is a 16-year-old referred by a developmental pediatrician for evaluation of a complex neurodevelopmental disorder affecting at least one organ system, and chromosomal microarray (CMA) testing has been ordered although the requisition specifies a tumor-type rather than a germline assay; prior Fragile X testing was nondiagnostic. There is a family history notable for a maternal uncle with a movement disorder described as dystonia and ataxia, genetic counseling is not documented in the record, and testing will be billed through Cigna.",81228,81277,81228,False
Case15820,top3_10retrieve,"The patient is a 31-year-old adult followed by neurology for developmental delay and intellectual disability without a suspected specific syndrome, and chromosomal microarray (CMA) has been ordered to evaluate for underlying copy number variants; no prior genetic testing has been reported, and the patient has completed multiple pre-test counseling sessions with a genetic counselor with plans for post-test follow-up, with insurance coverage through Cigna, and a pertinent family history of a mother who was diagnosed with breast cancer before age 50.",81415,81228,81228,True
Case19255,top3_10retrieve,"The patient is a 38-year-old woman with a history of two separate primary breast cancers who was referred by her neurologist for BRCA1/2 testing to evaluate for hereditary breast and ovarian cancer predisposition, she reports a family history notable for a father with metastatic prostate cancer, prior fluorescence in situ hybridization testing was nondiagnostic, and pre-test counseling was completed with a genetic specialist with testing to be pursued with coverage through UHC.",81415,81162,Not Specified,False
Case2211,top3_10retrieve,"A 21-year-old patient is referred by a general practitioner for BRCA1 and BRCA2 (breast cancer susceptibility) testing because of a personal history of a primary solid tumor and reports of at least two additional affected blood relatives on the same side of the family; the patient states that the mother carries a known BRCA2 pathogenic variant. No prior genetic testing has been performed, and pre-test counseling was completed with a genetic specialist with plans for post-test follow-up. Testing is being requested through UHC to clarify hereditary cancer risk and to guide management for this young adult.",81277,81162,81162,True
Case3677,top3_10retrieve,"She is a 46-year-old woman with a personal history of breast cancer who is undergoing BRCA1/2 testing because of a close relative with pancreatic cancer and multiple other primary solid tumors on the same side of the family; prior chromosomal microarray (CMA) testing was nondiagnostic. The patient was referred by a nurse practitioner and completed pre-test genetic counseling with plans for post-test follow-up, and testing will be billed to UHC. Her family history is notable for a mother with pancreatic cancer and at least two additional affected relatives on the maternal side.",81228,81162,Not Specified,False
Case5303,top3_10retrieve,"The 37-year-old patient was referred by neurology for BRCA1 and BRCA2 testing in the setting of a major abnormality affecting at least one organ system and a family history notable for a brother who died suddenly and unexpectedly before age 35; no prior genetic testing has been performed and no pre-test genetic counseling was conducted, and the patient has coverage through UHC.",81277,81162,81162,True
Case6478,top3_10retrieve,"A 52-year-old man with metastatic prostate cancer is being referred by his general practitioner for germline BRCA1 and BRCA2 testing because of a family history notable for a father with pancreatic cancer; he has had no prior genetic testing, pre-test genetic counseling was not completed, and testing is being pursued with coverage through UHC to inform therapeutic options and cascade testing for at-risk relatives with plans for post-test counseling and oncology follow-up once results are available.",81277,81162,81162,True
Case12834,top3_30retrieve,"The patient is a 16-year-old referred by a developmental pediatrician for evaluation of a complex neurodevelopmental disorder affecting at least one organ system, and chromosomal microarray (CMA) testing has been ordered although the requisition specifies a tumor-type rather than a germline assay; prior Fragile X testing was nondiagnostic. There is a family history notable for a maternal uncle with a movement disorder described as dystonia and ataxia, genetic counseling is not documented in the record, and testing will be billed through Cigna.",81228,81277,Not Specified,False
Case15820,top3_30retrieve,"The patient is a 31-year-old adult followed by neurology for developmental delay and intellectual disability without a suspected specific syndrome, and chromosomal microarray (CMA) has been ordered to evaluate for underlying copy number variants; no prior genetic testing has been reported, and the patient has completed multiple pre-test counseling sessions with a genetic counselor with plans for post-test follow-up, with insurance coverage through Cigna, and a pertinent family history of a mother who was diagnosed with breast cancer before age 50.",81425,81228,Not Specified,False
Case19255,top3_30retrieve,"The patient is a 38-year-old woman with a history of two separate primary breast cancers who was referred by her neurologist for BRCA1/2 testing to evaluate for hereditary breast and ovarian cancer predisposition, she reports a family history notable for a father with metastatic prostate cancer, prior fluorescence in situ hybridization testing was nondiagnostic, and pre-test counseling was completed with a genetic specialist with testing to be pursued with coverage through UHC.",81228,81162,81162,True
