case_id,Q0,Q1,Q2,Q3,Q4,Q5,Q6,Q7,Q8,token_input,token_output,token_total,top_k,retrieval_count,combo_folder,retrieval_model,qna_model,correct,total,accuracy
Case10075,CMA,Yes,Not Specified,No,Not Specified,Not Specified,Yes,Not Specified,No,14606,1817,16423,1,10,top1_10retrieve_gpt_5_mini_gpt_5_mini,gpt-5-mini,gpt-5-mini,6,9,66.66666666666667
Case11795,WES,Yes,Yes,Yes,Yes,Yes,Yes,81415,Yes,13776,1618,15394,1,10,top1_10retrieve_gpt_5_mini_gpt_5_mini,gpt-5-mini,gpt-5-mini,7,9,77.77777777777777
Case12792,BRCA1/2,No,Not Specified,No,No,No,Yes,Not Specified,No,17829,1240,19069,1,10,top1_10retrieve_gpt_5_mini_gpt_5_mini,gpt-5-mini,gpt-5-mini,8,9,88.88888888888889
Case13983,WGS,Yes,Not Specified,No,No,Yes,Yes,Not Specified,No,13800,3093,16893,1,10,top1_10retrieve_gpt_5_mini_gpt_5_mini,gpt-5-mini,gpt-5-mini,6,9,66.66666666666667
Case14017,WES,Yes,Not Specified,Yes,No,Not Specified,Yes,Not Specified,Yes,13759,2519,16278,1,10,top1_10retrieve_gpt_5_mini_gpt_5_mini,gpt-5-mini,gpt-5-mini,8,9,88.88888888888889
Case14195,BRCA1/2,Yes,Not Specified,No,No,No,No,Not Specified,No,17826,1304,19130,1,10,top1_10retrieve_gpt_5_mini_gpt_5_mini,gpt-5-mini,gpt-5-mini,8,9,88.88888888888889
Case14226,BRCA1/2,Yes,Not Specified,Not Specified,No,No,No,81162,No,9215,1369,10584,1,10,top1_10retrieve_gpt_5_mini_gpt_5_mini,gpt-5-mini,gpt-5-mini,8,9,88.88888888888889
Case15202,BRCA1/2,No,Not Specified,No,Yes,No,Yes,Not Specified,No,17856,2072,19928,1,10,top1_10retrieve_gpt_5_mini_gpt_5_mini,gpt-5-mini,gpt-5-mini,6,9,66.66666666666667
Case15458,BRCA1/2,Yes,Not Specified,Yes,Yes,Yes,Yes,Not Specified,Yes,17857,1112,18969,1,10,top1_10retrieve_gpt_5_mini_gpt_5_mini,gpt-5-mini,gpt-5-mini,8,9,88.88888888888889
Case15570,BRCA1/2,No,Not Specified,No,No,No,No,Not Specified,No,17845,984,18829,1,10,top1_10retrieve_gpt_5_mini_gpt_5_mini,gpt-5-mini,gpt-5-mini,8,9,88.88888888888889
Case16126,BRCA1/2,No,Not Specified,No,Yes,No,Yes,Not Specified,No,17833,1560,19393,1,10,top1_10retrieve_gpt_5_mini_gpt_5_mini,gpt-5-mini,gpt-5-mini,8,9,88.88888888888889
Case17196,CMA,Not Specified,Not Specified,No,Not Specified,Not Specified,No,81425,No,14607,1562,16169,1,10,top1_10retrieve_gpt_5_mini_gpt_5_mini,gpt-5-mini,gpt-5-mini,6,9,66.66666666666667
Case17595,CMA,Yes,Not Specified,Yes,Not Specified,Not Specified,Yes,Not Specified,Yes,14611,1561,16172,1,10,top1_10retrieve_gpt_5_mini_gpt_5_mini,gpt-5-mini,gpt-5-mini,4,9,44.44444444444444
Case18821,WES,No,No,No,No,Yes,No,81415,No,13746,1618,15364,1,10,top1_10retrieve_gpt_5_mini_gpt_5_mini,gpt-5-mini,gpt-5-mini,5,9,55.55555555555556
Case19162,WGS,Yes,Yes,Not Specified,Not Specified,Yes,Yes,81425,No,13754,2774,16528,1,10,top1_10retrieve_gpt_5_mini_gpt_5_mini,gpt-5-mini,gpt-5-mini,4,9,44.44444444444444
Case2007,BRCA1/2,Yes,Not Specified,Yes,Yes,Yes,Yes,Not Specified,Yes,17846,1496,19342,1,10,top1_10retrieve_gpt_5_mini_gpt_5_mini,gpt-5-mini,gpt-5-mini,8,9,88.88888888888889
Case2162,WGS,Yes,No,No,No,Yes,Yes,Not Specified,No,13720,2835,16555,1,10,top1_10retrieve_gpt_5_mini_gpt_5_mini,gpt-5-mini,gpt-5-mini,5,9,55.55555555555556
Case22,BRCA1/2,Yes,Not Specified,Yes,Yes,Yes,Yes,Not Specified,Yes,17877,1304,19181,1,10,top1_10retrieve_gpt_5_mini_gpt_5_mini,gpt-5-mini,gpt-5-mini,8,9,88.88888888888889
Case2666,BRCA1/2,Yes,Not Specified,Yes,Yes,Yes,Yes,Not Specified,Yes,17846,1432,19278,1,10,top1_10retrieve_gpt_5_mini_gpt_5_mini,gpt-5-mini,gpt-5-mini,5,9,55.55555555555556
Case2847,WES,Yes,Yes,Yes,Yes,Not Specified,Yes,81415,Yes,13754,2132,15886,1,10,top1_10retrieve_gpt_5_mini_gpt_5_mini,gpt-5-mini,gpt-5-mini,6,9,66.66666666666667
Case3223,BRCA1/2,Not Specified,Not Specified,Yes,No,Yes,No,Not Specified,Yes,17829,1562,19391,1,10,top1_10retrieve_gpt_5_mini_gpt_5_mini,gpt-5-mini,gpt-5-mini,5,9,55.55555555555556
Case3494,WES,Yes,Not Specified,No,No,Yes,No,81415,No,9377,1236,10613,1,10,top1_10retrieve_gpt_5_mini_gpt_5_mini,gpt-5-mini,gpt-5-mini,6,9,66.66666666666667
Case3581,BRCA1/2,Yes,Not Specified,No,No,No,No,81162,No,9178,983,10161,1,10,top1_10retrieve_gpt_5_mini_gpt_5_mini,gpt-5-mini,gpt-5-mini,7,9,77.77777777777777
Case4196,WES,Yes,Not Specified,Yes,Not Specified,Yes,Yes,81415,Yes,13752,2390,16142,1,10,top1_10retrieve_gpt_5_mini_gpt_5_mini,gpt-5-mini,gpt-5-mini,6,9,66.66666666666667
Case4262,WES,Yes,Yes,Yes,Yes,Yes,Yes,81415,Yes,13745,1682,15427,1,10,top1_10retrieve_gpt_5_mini_gpt_5_mini,gpt-5-mini,gpt-5-mini,7,9,77.77777777777777
Case4604,WES,Yes,Not Specified,Yes,Yes,Yes,Yes,Not Specified,Yes,13750,1557,15307,1,10,top1_10retrieve_gpt_5_mini_gpt_5_mini,gpt-5-mini,gpt-5-mini,8,9,88.88888888888889
Case5674,WES,Yes,Not Specified,Yes,Yes,Yes,Yes,Not Specified,Yes,13733,1749,15482,1,10,top1_10retrieve_gpt_5_mini_gpt_5_mini,gpt-5-mini,gpt-5-mini,7,9,77.77777777777777
Case5834,CMA,Not Specified,Not Specified,Yes,Yes,No,Yes,81228,Yes,14617,1174,15791,1,10,top1_10retrieve_gpt_5_mini_gpt_5_mini,gpt-5-mini,gpt-5-mini,4,9,44.44444444444444
Case6747,WGS,Yes,Yes,No,Yes,Yes,Yes,Not Specified,No,13721,2131,15852,1,10,top1_10retrieve_gpt_5_mini_gpt_5_mini,gpt-5-mini,gpt-5-mini,6,9,66.66666666666667
Case6867,BRCA1/2,Yes,Not Specified,Yes,Yes,Yes,Yes,Not Specified,Yes,17852,1624,19476,1,10,top1_10retrieve_gpt_5_mini_gpt_5_mini,gpt-5-mini,gpt-5-mini,6,9,66.66666666666667
Case7447,WGS,No,No,No,No,No,No,81425,No,13727,1682,15409,1,10,top1_10retrieve_gpt_5_mini_gpt_5_mini,gpt-5-mini,gpt-5-mini,5,9,55.55555555555556
Case8051,WES,Yes,Not Specified,Yes,Yes,No,Yes,81415,Yes,13742,2068,15810,1,10,top1_10retrieve_gpt_5_mini_gpt_5_mini,gpt-5-mini,gpt-5-mini,7,9,77.77777777777777
Case811,WES,Yes,Not Specified,Yes,Yes,Yes,Yes,81415,Yes,13773,1620,15393,1,10,top1_10retrieve_gpt_5_mini_gpt_5_mini,gpt-5-mini,gpt-5-mini,7,9,77.77777777777777
Case9349,WES,Yes,Not Specified,Yes,Yes,Yes,Yes,81415,Yes,13745,1940,15685,1,10,top1_10retrieve_gpt_5_mini_gpt_5_mini,gpt-5-mini,gpt-5-mini,8,9,88.88888888888889
Case9408,WES,Yes,Yes,Yes,Yes,Yes,Yes,81415,Yes,13753,1426,15179,1,10,top1_10retrieve_gpt_5_mini_gpt_5_mini,gpt-5-mini,gpt-5-mini,7,9,77.77777777777777
Case9773,CMA,Yes,Not Specified,Yes,Yes,Not Specified,Yes,Not Specified,Yes,14609,1111,15720,1,10,top1_10retrieve_gpt_5_mini_gpt_5_mini,gpt-5-mini,gpt-5-mini,4,9,44.44444444444444
Case10075,CMA,Yes,Not Specified,No,Not Specified,Not Specified,Yes,81228,No,14606,2904,17510,1,10,top1_10retrieve_gpt_5_mini_gpt_5,gpt-5-mini,gpt-5,5,9,55.55555555555556
Case11795,WES,Yes,Not Specified,Yes,Yes,Yes,Yes,81415,No,13776,3604,17380,1,10,top1_10retrieve_gpt_5_mini_gpt_5,gpt-5-mini,gpt-5,7,9,77.77777777777777
Case12792,BRCA1/2,No,Not Specified,No,Not Specified,No,Yes,81162,No,17829,1946,19775,1,10,top1_10retrieve_gpt_5_mini_gpt_5,gpt-5-mini,gpt-5,8,9,88.88888888888889
Case13983,WGS,Yes,Not Specified,Yes,Not Specified,Yes,Yes,81425,No,13800,2326,16126,1,10,top1_10retrieve_gpt_5_mini_gpt_5,gpt-5-mini,gpt-5,6,9,66.66666666666667
Case13,WES,Yes,Not Specified,Yes,Yes,Yes,Yes,81415,No,13731,3924,17655,1,10,top1_10retrieve_gpt_5_mini_gpt_5,gpt-5-mini,gpt-5,7,9,77.77777777777777
Case14017,WES,Yes,Not Specified,No,No,No,Yes,81415,No,13759,2196,15955,1,10,top1_10retrieve_gpt_5_mini_gpt_5,gpt-5-mini,gpt-5,4,9,44.44444444444444
Case14195,BRCA1/2,Yes,Not Specified,No,Not Specified,No,No,81162,No,17826,2713,20539,1,10,top1_10retrieve_gpt_5_mini_gpt_5,gpt-5-mini,gpt-5,8,9,88.88888888888889
Case14226,BRCA1/2,Yes,Not Specified,No,No,No,No,81162,No,9215,1623,10838,1,10,top1_10retrieve_gpt_5_mini_gpt_5,gpt-5-mini,gpt-5,7,9,77.77777777777777
Case15202,BRCA1/2,Not Specified,Not Specified,No,Not Specified,No,Yes,81162,No,17856,3419,21275,1,10,top1_10retrieve_gpt_5_mini_gpt_5,gpt-5-mini,gpt-5,6,9,66.66666666666667
Case15458,BRCA1/2,Yes,Not Specified,Yes,Not Specified,Yes,Yes,81162,Yes,17857,1817,19674,1,10,top1_10retrieve_gpt_5_mini_gpt_5,gpt-5-mini,gpt-5,8,9,88.88888888888889
Case15570,BRCA1/2,No,Not Specified,No,No,No,No,81162,No,17845,2007,19852,1,10,top1_10retrieve_gpt_5_mini_gpt_5,gpt-5-mini,gpt-5,7,9,77.77777777777777
Case16126,BRCA1/2,No,Not Specified,No,Not Specified,No,Yes,81162,No,17833,2137,19970,1,10,top1_10retrieve_gpt_5_mini_gpt_5,gpt-5-mini,gpt-5,8,9,88.88888888888889
Case17196,CMA,Not Specified,Not Specified,No,Not Specified,Not Specified,Not Specified,81228,No,14607,2076,16683,1,10,top1_10retrieve_gpt_5_mini_gpt_5,gpt-5-mini,gpt-5,7,9,77.77777777777777
Case17595,CMA,Yes,Not Specified,No,Yes,Not Specified,Yes,81228,No,14611,2582,17193,1,10,top1_10retrieve_gpt_5_mini_gpt_5,gpt-5-mini,gpt-5,4,9,44.44444444444444
Case18821,WES,No,Not Specified,No,No,No,No,81415,No,13746,2004,15750,1,10,top1_10retrieve_gpt_5_mini_gpt_5,gpt-5-mini,gpt-5,6,9,66.66666666666667
Case19162,WGS,Yes,Not Specified,Yes,Not Specified,Yes,Yes,81425,No,13754,3734,17488,1,10,top1_10retrieve_gpt_5_mini_gpt_5,gpt-5-mini,gpt-5,6,9,66.66666666666667
Case2007,BRCA1/2,Yes,Not Specified,Yes,Not Specified,Yes,Yes,81162,Yes,17846,2265,20111,1,10,top1_10retrieve_gpt_5_mini_gpt_5,gpt-5-mini,gpt-5,8,9,88.88888888888889
Case2162,WGS,Yes,Not Specified,No,Not Specified,No,Yes,81425,No,13720,4118,17838,1,10,top1_10retrieve_gpt_5_mini_gpt_5,gpt-5-mini,gpt-5,4,9,44.44444444444444
Case22,BRCA1/2,Yes,Not Specified,Yes,Not Specified,Yes,Yes,81162,Yes,17877,2009,19886,1,10,top1_10retrieve_gpt_5_mini_gpt_5,gpt-5-mini,gpt-5,8,9,88.88888888888889
Case2666,BRCA1/2,Yes,Not Specified,Yes,Not Specified,Yes,Yes,81162,Yes,17846,3033,20879,1,10,top1_10retrieve_gpt_5_mini_gpt_5,gpt-5-mini,gpt-5,5,9,55.55555555555556
Case2847,WES,Yes,Not Specified,Yes,Yes,No,Yes,81415,No,13754,4052,17806,1,10,top1_10retrieve_gpt_5_mini_gpt_5,gpt-5-mini,gpt-5,6,9,66.66666666666667
Case3223,BRCA1/2,Not Specified,Not Specified,Yes,Not Specified,Yes,No,81162,Yes,17829,2715,20544,1,10,top1_10retrieve_gpt_5_mini_gpt_5,gpt-5-mini,gpt-5,5,9,55.55555555555556
Case3494,WES,Yes,Not Specified,Not Specified,No,Not Specified,Not Specified,81415,No,9377,2074,11451,1,10,top1_10retrieve_gpt_5_mini_gpt_5,gpt-5-mini,gpt-5,7,9,77.77777777777777
Case3581,BRCA1/2,Yes,Not Specified,No,Yes,No,No,81162,No,9178,2071,11249,1,10,top1_10retrieve_gpt_5_mini_gpt_5,gpt-5-mini,gpt-5,7,9,77.77777777777777
Case4196,WES,Yes,Not Specified,Yes,Yes,Yes,Yes,81415,Yes,13752,3156,16908,1,10,top1_10retrieve_gpt_5_mini_gpt_5,gpt-5-mini,gpt-5,7,9,77.77777777777777
Case4262,WES,Yes,Not Specified,Yes,Not Specified,Yes,Yes,81415,Yes,13745,3670,17415,1,10,top1_10retrieve_gpt_5_mini_gpt_5,gpt-5-mini,gpt-5,7,9,77.77777777777777
Case4604,WES,Yes,Not Specified,Yes,Yes,Yes,Yes,81415,Yes,13750,2645,16395,1,10,top1_10retrieve_gpt_5_mini_gpt_5,gpt-5-mini,gpt-5,7,9,77.77777777777777
Case5674,WES,Yes,Not Specified,No,Yes,Yes,Yes,81415,No,13733,2068,15801,1,10,top1_10retrieve_gpt_5_mini_gpt_5,gpt-5-mini,gpt-5,6,9,66.66666666666667
Case5834,CMA,Not Specified,Not Specified,Yes,Not Specified,Not Specified,Yes,81228,Yes,14617,1498,16115,1,10,top1_10retrieve_gpt_5_mini_gpt_5,gpt-5-mini,gpt-5,4,9,44.44444444444444
Case6747,WGS,No,Not Specified,No,Not Specified,Yes,Yes,81415,No,13721,4502,18223,1,10,top1_10retrieve_gpt_5_mini_gpt_5,gpt-5-mini,gpt-5,4,9,44.44444444444444
Case6867,BRCA1/2,Yes,Not Specified,Yes,Not Specified,Yes,Yes,81162,Yes,17852,1881,19733,1,10,top1_10retrieve_gpt_5_mini_gpt_5,gpt-5-mini,gpt-5,6,9,66.66666666666667
Case7447,WGS,No,Not Specified,No,No,No,No,81425,No,13727,1812,15539,1,10,top1_10retrieve_gpt_5_mini_gpt_5,gpt-5-mini,gpt-5,6,9,66.66666666666667
Case8051,WES,Yes,Not Specified,Yes,Yes,No,Yes,81415,No,13742,3284,17026,1,10,top1_10retrieve_gpt_5_mini_gpt_5,gpt-5-mini,gpt-5,6,9,66.66666666666667
Case811,WES,Yes,Not Specified,No,Yes,No,Yes,81415,No,13773,3540,17313,1,10,top1_10retrieve_gpt_5_mini_gpt_5,gpt-5-mini,gpt-5,5,9,55.55555555555556
Case9349,WES,Yes,Not Specified,Yes,Yes,Yes,Yes,81415,Yes,13745,3860,17605,1,10,top1_10retrieve_gpt_5_mini_gpt_5,gpt-5-mini,gpt-5,8,9,88.88888888888889
Case9408,WES,Yes,Yes,Yes,Yes,Not Specified,Yes,81415,Yes,13753,2004,15757,1,10,top1_10retrieve_gpt_5_mini_gpt_5,gpt-5-mini,gpt-5,6,9,66.66666666666667
Case9773,CMA,Yes,Not Specified,Yes,Yes,Not Specified,Yes,81228,Yes,14609,1558,16167,1,10,top1_10retrieve_gpt_5_mini_gpt_5,gpt-5-mini,gpt-5,3,9,33.333333333333336
Case10075,CMA,Not Specified,Not Specified,No,Not Specified,Not Specified,Yes,81228,No,14606,1242,15848,1,10,top1_10retrieve_gpt_5_gpt_5_mini,gpt-5,gpt-5-mini,6,9,66.66666666666667
Case11795,WES,Yes,Not Specified,Yes,Yes,Yes,Yes,81415,Yes,13776,2068,15844,1,10,top1_10retrieve_gpt_5_gpt_5_mini,gpt-5,gpt-5-mini,8,9,88.88888888888889
Case12792,BRCA1/2,No,Not Specified,No,Yes,No,Yes,Not Specified,No,17829,1176,19005,1,10,top1_10retrieve_gpt_5_gpt_5_mini,gpt-5,gpt-5-mini,8,9,88.88888888888889
Case13983,WGS,Yes,Not Specified,Not Specified,Not Specified,Yes,Yes,Not Specified,No,13800,2777,16577,1,10,top1_10retrieve_gpt_5_gpt_5_mini,gpt-5,gpt-5-mini,6,9,66.66666666666667
Case13,WES,Yes,No,Yes,No,Yes,Yes,81415,No,13731,2194,15925,1,10,top1_10retrieve_gpt_5_gpt_5_mini,gpt-5,gpt-5-mini,5,9,55.55555555555556
Case14017,WES,Yes,No,Yes,Not Specified,Yes,Yes,81415,Yes,13759,3220,16979,1,10,top1_10retrieve_gpt_5_gpt_5_mini,gpt-5,gpt-5-mini,5,9,55.55555555555556
Case14195,BRCA1/2,Yes,Not Specified,No,No,No,No,Not Specified,No,17826,1304,19130,1,10,top1_10retrieve_gpt_5_gpt_5_mini,gpt-5,gpt-5-mini,8,9,88.88888888888889
Case14226,BRCA1/2,Yes,Not Specified,Not Specified,No,No,No,81162,No,9215,1497,10712,1,10,top1_10retrieve_gpt_5_gpt_5_mini,gpt-5,gpt-5-mini,8,9,88.88888888888889
Case15202,BRCA1/2,No,Not Specified,No,Yes,No,Yes,Not Specified,No,17856,1688,19544,1,10,top1_10retrieve_gpt_5_gpt_5_mini,gpt-5,gpt-5-mini,6,9,66.66666666666667
Case15458,BRCA1/2,Yes,Not Specified,Yes,Yes,Yes,Yes,Not Specified,Yes,17857,1240,19097,1,10,top1_10retrieve_gpt_5_gpt_5_mini,gpt-5,gpt-5-mini,8,9,88.88888888888889
Case15570,BRCA1/2,No,Not Specified,No,No,No,No,Not Specified,No,17845,1112,18957,1,10,top1_10retrieve_gpt_5_gpt_5_mini,gpt-5,gpt-5-mini,8,9,88.88888888888889
Case16126,BRCA1/2,No,Not Specified,No,No,No,Yes,Not Specified,No,17833,1944,19777,1,10,top1_10retrieve_gpt_5_gpt_5_mini,gpt-5,gpt-5-mini,8,9,88.88888888888889
Case17196,CMA,Not Specified,Not Specified,No,Not Specified,No,No,Not Specified,No,14607,1625,16232,1,10,top1_10retrieve_gpt_5_gpt_5_mini,gpt-5,gpt-5-mini,8,9,88.88888888888889
Case17595,CMA,Not Specified,Not Specified,Yes,Not Specified,Not Specified,Yes,Not Specified,Yes,14611,1371,15982,1,10,top1_10retrieve_gpt_5_gpt_5_mini,gpt-5,gpt-5-mini,5,9,55.55555555555556
Case18821,WES,No,No,No,No,Not Specified,No,Not Specified,No,13746,1301,15047,1,10,top1_10retrieve_gpt_5_gpt_5_mini,gpt-5,gpt-5-mini,7,9,77.77777777777777
Case19162,WGS,Yes,Yes,Yes,Yes,Yes,Yes,81425,Yes,13754,2066,15820,1,10,top1_10retrieve_gpt_5_gpt_5_mini,gpt-5,gpt-5-mini,7,9,77.77777777777777
Case2007,BRCA1/2,Yes,Not Specified,Yes,Yes,Yes,Yes,Not Specified,Yes,17846,1496,19342,1,10,top1_10retrieve_gpt_5_gpt_5_mini,gpt-5,gpt-5-mini,8,9,88.88888888888889
Case2162,WGS,Not Specified,No,No,No,Yes,Yes,81425,No,13720,2516,16236,1,10,top1_10retrieve_gpt_5_gpt_5_mini,gpt-5,gpt-5-mini,3,9,33.333333333333336
Case22,BRCA1/2,Yes,Not Specified,Yes,Yes,Yes,Yes,Not Specified,Yes,17877,1624,19501,1,10,top1_10retrieve_gpt_5_gpt_5_mini,gpt-5,gpt-5-mini,8,9,88.88888888888889
Case2666,BRCA1/2,Yes,Yes,Yes,Yes,Yes,Yes,Not Specified,Yes,17846,1302,19148,1,10,top1_10retrieve_gpt_5_gpt_5_mini,gpt-5,gpt-5-mini,4,9,44.44444444444444
Case2847,WES,Yes,Not Specified,Yes,Not Specified,Not Specified,Yes,81415,Yes,13754,1880,15634,1,10,top1_10retrieve_gpt_5_gpt_5_mini,gpt-5,gpt-5-mini,6,9,66.66666666666667
Case3223,BRCA1/2,Not Specified,Not Specified,Yes,Not Specified,Yes,No,Not Specified,Yes,17829,1692,19521,1,10,top1_10retrieve_gpt_5_gpt_5_mini,gpt-5,gpt-5-mini,6,9,66.66666666666667
Case3494,WES,Yes,Not Specified,No,No,Yes,No,81415,No,9377,1492,10869,1,10,top1_10retrieve_gpt_5_gpt_5_mini,gpt-5,gpt-5-mini,6,9,66.66666666666667
Case3581,BRCA1/2,Yes,Not Specified,No,No,No,No,81162,No,9178,919,10097,1,10,top1_10retrieve_gpt_5_gpt_5_mini,gpt-5,gpt-5-mini,7,9,77.77777777777777
Case4196,WES,Yes,Not Specified,No,No,Yes,Yes,81415,No,13752,1300,15052,1,10,top1_10retrieve_gpt_5_gpt_5_mini,gpt-5,gpt-5-mini,5,9,55.55555555555556
Case4262,WES,Yes,Not Specified,Yes,Yes,Yes,Yes,81415,Yes,13745,1940,15685,1,10,top1_10retrieve_gpt_5_gpt_5_mini,gpt-5,gpt-5-mini,8,9,88.88888888888889
Case4604,WES,Yes,Not Specified,Yes,Yes,Yes,Yes,81415,Yes,13750,1684,15434,1,10,top1_10retrieve_gpt_5_gpt_5_mini,gpt-5,gpt-5-mini,7,9,77.77777777777777
Case5674,WES,Yes,Not Specified,Yes,Yes,Yes,Yes,81415,Yes,13733,2324,16057,1,10,top1_10retrieve_gpt_5_gpt_5_mini,gpt-5,gpt-5-mini,6,9,66.66666666666667
Case5834,CMA,Not Specified,Not Specified,Yes,Not Specified,No,Yes,Not Specified,Yes,14617,1753,16370,1,10,top1_10retrieve_gpt_5_gpt_5_mini,gpt-5,gpt-5-mini,6,9,66.66666666666667
Case6747,WGS,Yes,Yes,No,Yes,Yes,Yes,81425,No,13721,2258,15979,1,10,top1_10retrieve_gpt_5_gpt_5_mini,gpt-5,gpt-5-mini,5,9,55.55555555555556
Case6867,BRCA1/2,Yes,Not Specified,Yes,Yes,Yes,Yes,Not Specified,Yes,17852,1944,19796,1,10,top1_10retrieve_gpt_5_gpt_5_mini,gpt-5,gpt-5-mini,6,9,66.66666666666667
Case7447,WGS,Not Specified,No,No,No,No,No,Not Specified,No,13727,1237,14964,1,10,top1_10retrieve_gpt_5_gpt_5_mini,gpt-5,gpt-5-mini,5,9,55.55555555555556
Case8051,WES,Yes,No,No,Not Specified,Yes,Yes,Not Specified,No,13742,1685,15427,1,10,top1_10retrieve_gpt_5_gpt_5_mini,gpt-5,gpt-5-mini,4,9,44.44444444444444
Case811,WES,Yes,Not Specified,Yes,Yes,Yes,Yes,81415,Yes,13773,2324,16097,1,10,top1_10retrieve_gpt_5_gpt_5_mini,gpt-5,gpt-5-mini,7,9,77.77777777777777
Case9349,WES,Yes,Not Specified,Yes,Not Specified,Yes,Yes,81415,Yes,13745,2582,16327,1,10,top1_10retrieve_gpt_5_gpt_5_mini,gpt-5,gpt-5-mini,7,9,77.77777777777777
Case9408,WES,Yes,Yes,Yes,Yes,No,Yes,Not Specified,Yes,13753,1235,14988,1,10,top1_10retrieve_gpt_5_gpt_5_mini,gpt-5,gpt-5-mini,7,9,77.77777777777777
Case9773,CMA,Yes,Not Specified,Yes,Not Specified,Not Specified,Yes,Not Specified,Yes,14609,1049,15658,1,10,top1_10retrieve_gpt_5_gpt_5_mini,gpt-5,gpt-5-mini,5,9,55.55555555555556
Case10075,CMA,Yes,Not Specified,No,Not Specified,Not Specified,Yes,81228,No,14606,2328,16934,1,10,top1_10retrieve_gpt_5_gpt_5,gpt-5,gpt-5,5,9,55.55555555555556
Case11795,WES,Yes,Not Specified,No,Yes,Yes,Yes,81415,No,13776,3540,17316,1,10,top1_10retrieve_gpt_5_gpt_5,gpt-5,gpt-5,6,9,66.66666666666667
Case12792,BRCA1/2,No,Not Specified,No,Not Specified,No,Yes,81162,No,17829,1753,19582,1,10,top1_10retrieve_gpt_5_gpt_5,gpt-5,gpt-5,8,9,88.88888888888889
Case13983,WGS,Yes,Not Specified,Yes,Not Specified,Yes,Yes,81425,No,13800,3862,17662,1,10,top1_10retrieve_gpt_5_gpt_5,gpt-5,gpt-5,6,9,66.66666666666667
Case13,WES,Yes,Not Specified,Yes,Yes,Yes,Yes,81415,No,13731,4180,17911,1,10,top1_10retrieve_gpt_5_gpt_5,gpt-5,gpt-5,7,9,77.77777777777777
Case14017,WES,Yes,Not Specified,No,No,Yes,Yes,81415,No,13759,3220,16979,1,10,top1_10retrieve_gpt_5_gpt_5,gpt-5,gpt-5,4,9,44.44444444444444
Case14195,BRCA1/2,Yes,Not Specified,No,No,No,No,81162,No,17826,2455,20281,1,10,top1_10retrieve_gpt_5_gpt_5,gpt-5,gpt-5,7,9,77.77777777777777
Case14226,BRCA1/2,Yes,Not Specified,No,No,No,No,81162,No,9215,2135,11350,1,10,top1_10retrieve_gpt_5_gpt_5,gpt-5,gpt-5,7,9,77.77777777777777
Case15202,BRCA1/2,No,Not Specified,No,Not Specified,No,Yes,81162,No,17856,2841,20697,1,10,top1_10retrieve_gpt_5_gpt_5,gpt-5,gpt-5,6,9,66.66666666666667
Case15458,BRCA1/2,Yes,Not Specified,Yes,Not Specified,Yes,Yes,81162,Yes,17857,2777,20634,1,10,top1_10retrieve_gpt_5_gpt_5,gpt-5,gpt-5,8,9,88.88888888888889
Case15570,BRCA1/2,No,Not Specified,No,Not Specified,No,No,81162,No,17845,1753,19598,1,10,top1_10retrieve_gpt_5_gpt_5,gpt-5,gpt-5,8,9,88.88888888888889
Case16126,BRCA1/2,No,Not Specified,No,Not Specified,No,Yes,81162,No,17833,2073,19906,1,10,top1_10retrieve_gpt_5_gpt_5,gpt-5,gpt-5,8,9,88.88888888888889
Case17196,CMA,Not Specified,Not Specified,No,Not Specified,Not Specified,Not Specified,81228,No,14607,2332,16939,1,10,top1_10retrieve_gpt_5_gpt_5,gpt-5,gpt-5,7,9,77.77777777777777
Case17595,CMA,Not Specified,Not Specified,No,Not Specified,Not Specified,Not Specified,81228,No,14611,1948,16559,1,10,top1_10retrieve_gpt_5_gpt_5,gpt-5,gpt-5,7,9,77.77777777777777
Case19162,WGS,Yes,Yes,No,Not Specified,Yes,Yes,81425,No,13754,3412,17166,1,10,top1_10retrieve_gpt_5_gpt_5,gpt-5,gpt-5,4,9,44.44444444444444
Case2007,BRCA1/2,Yes,Not Specified,Yes,Not Specified,Yes,Yes,81162,Yes,17846,2073,19919,1,10,top1_10retrieve_gpt_5_gpt_5,gpt-5,gpt-5,8,9,88.88888888888889
Case2162,WGS,Yes,Not Specified,No,No,No,Yes,Not Specified,No,13720,3605,17325,1,10,top1_10retrieve_gpt_5_gpt_5,gpt-5,gpt-5,5,9,55.55555555555556
Case22,BRCA1/2,Yes,Not Specified,Yes,Not Specified,Yes,Yes,81162,Yes,17877,2521,20398,1,10,top1_10retrieve_gpt_5_gpt_5,gpt-5,gpt-5,8,9,88.88888888888889
Case2666,BRCA1/2,Yes,Not Specified,Yes,Not Specified,Yes,Yes,81162,Yes,17846,1817,19663,1,10,top1_10retrieve_gpt_5_gpt_5,gpt-5,gpt-5,5,9,55.55555555555556
Case2847,WES,Yes,Not Specified,No,Yes,No,Yes,81415,No,13754,2324,16078,1,10,top1_10retrieve_gpt_5_gpt_5,gpt-5,gpt-5,5,9,55.55555555555556
Case3223,BRCA1/2,Not Specified,Not Specified,Yes,Not Specified,Yes,No,81162,Yes,17829,1947,19776,1,10,top1_10retrieve_gpt_5_gpt_5,gpt-5,gpt-5,5,9,55.55555555555556
Case3494,WES,Yes,Not Specified,No,No,Not Specified,Not Specified,81415,No,9377,2840,12217,1,10,top1_10retrieve_gpt_5_gpt_5,gpt-5,gpt-5,7,9,77.77777777777777
Case3581,BRCA1/2,Yes,Not Specified,No,No,No,No,81162,No,9178,1623,10801,1,10,top1_10retrieve_gpt_5_gpt_5,gpt-5,gpt-5,7,9,77.77777777777777
Case4196,WES,Yes,Not Specified,Yes,No,Yes,Yes,81415,No,13752,3284,17036,1,10,top1_10retrieve_gpt_5_gpt_5,gpt-5,gpt-5,5,9,55.55555555555556
Case4262,WES,Yes,Not Specified,Yes,Yes,Yes,Yes,81415,Yes,13745,3156,16901,1,10,top1_10retrieve_gpt_5_gpt_5,gpt-5,gpt-5,8,9,88.88888888888889
Case4604,WES,Yes,Not Specified,Yes,Yes,Yes,Yes,81415,Yes,13750,2644,16394,1,10,top1_10retrieve_gpt_5_gpt_5,gpt-5,gpt-5,7,9,77.77777777777777
Case5674,WES,Yes,Not Specified,No,Yes,Yes,Yes,81415,No,13733,2260,15993,1,10,top1_10retrieve_gpt_5_gpt_5,gpt-5,gpt-5,6,9,66.66666666666667
Case5834,CMA,Not Specified,Not Specified,Yes,Yes,Not Specified,Yes,81228,Yes,14617,2200,16817,1,10,top1_10retrieve_gpt_5_gpt_5,gpt-5,gpt-5,3,9,33.333333333333336
Case6747,WGS,No,Not Specified,No,Yes,Yes,Yes,81415,No,13721,2964,16685,1,10,top1_10retrieve_gpt_5_gpt_5,gpt-5,gpt-5,5,9,55.55555555555556
Case6867,BRCA1/2,Yes,Not Specified,Yes,Not Specified,Yes,Yes,81162,Yes,17852,2009,19861,1,10,top1_10retrieve_gpt_5_gpt_5,gpt-5,gpt-5,6,9,66.66666666666667
Case7447,WGS,Not Specified,Not Specified,No,No,No,No,81425,No,13727,2070,15797,1,10,top1_10retrieve_gpt_5_gpt_5,gpt-5,gpt-5,5,9,55.55555555555556
Case8051,WES,Yes,Not Specified,Yes,Yes,No,Yes,81415,Yes,13742,3540,17282,1,10,top1_10retrieve_gpt_5_gpt_5,gpt-5,gpt-5,7,9,77.77777777777777
Case811,WES,Yes,Not Specified,Yes,Yes,Yes,Yes,81415,Yes,13773,4052,17825,1,10,top1_10retrieve_gpt_5_gpt_5,gpt-5,gpt-5,7,9,77.77777777777777
Case9349,WES,Yes,Not Specified,Yes,Yes,Yes,Yes,81415,Yes,13745,3284,17029,1,10,top1_10retrieve_gpt_5_gpt_5,gpt-5,gpt-5,8,9,88.88888888888889
Case9408,WES,Yes,Yes,Yes,Yes,Not Specified,Yes,81415,Yes,13753,2324,16077,1,10,top1_10retrieve_gpt_5_gpt_5,gpt-5,gpt-5,6,9,66.66666666666667
Case9773,CMA,Yes,Not Specified,Yes,Yes,Not Specified,Yes,81228,Yes,14609,2006,16615,1,10,top1_10retrieve_gpt_5_gpt_5,gpt-5,gpt-5,3,9,33.333333333333336
Case10075,CMA,Not Specified,Not Specified,No,Not Specified,Not Specified,Yes,Not Specified,No,14606,1947,16553,1,30,top1_30retrieve_gpt_5_mini_gpt_5_mini,gpt-5-mini,gpt-5-mini,7,9,77.77777777777777
Case11795,WES,Yes,Not Specified,Yes,Yes,Yes,Yes,Not Specified,Yes,13776,2261,16037,1,30,top1_30retrieve_gpt_5_mini_gpt_5_mini,gpt-5-mini,gpt-5-mini,9,9,100.0
Case12792,BRCA1/2,No,Not Specified,No,Yes,No,Yes,Not Specified,No,17829,1816,19645,1,30,top1_30retrieve_gpt_5_mini_gpt_5_mini,gpt-5-mini,gpt-5-mini,8,9,88.88888888888889
Case13983,WGS,Yes,No,No,Not Specified,Yes,Yes,81425,No,13800,3028,16828,1,30,top1_30retrieve_gpt_5_mini_gpt_5_mini,gpt-5-mini,gpt-5-mini,4,9,44.44444444444444
Case13,WES,Yes,Not Specified,Yes,Yes,Yes,Yes,81415,Yes,13731,2644,16375,1,30,top1_30retrieve_gpt_5_mini_gpt_5_mini,gpt-5-mini,gpt-5-mini,8,9,88.88888888888889
Case14017,WES,Yes,Not Specified,Yes,Yes,Yes,Yes,81415,Yes,13759,3284,17043,1,30,top1_30retrieve_gpt_5_mini_gpt_5_mini,gpt-5-mini,gpt-5-mini,7,9,77.77777777777777
Case14141,WES,Yes,Not Specified,Yes,Yes,Yes,Yes,Not Specified,Yes,13738,1493,15231,1,30,top1_30retrieve_gpt_5_mini_gpt_5_mini,gpt-5-mini,gpt-5-mini,9,9,100.0
Case14155,WGS,Yes,Not Specified,No,No,Not Specified,No,81425,No,8063,1366,9429,1,30,top1_30retrieve_gpt_5_mini_gpt_5_mini,gpt-5-mini,gpt-5-mini,6,9,66.66666666666667
Case14195,BRCA1/2,Yes,Not Specified,No,No,No,No,Not Specified,No,17826,1240,19066,1,30,top1_30retrieve_gpt_5_mini_gpt_5_mini,gpt-5-mini,gpt-5-mini,8,9,88.88888888888889
Case14226,BRCA1/2,Yes,Not Specified,Not Specified,No,No,No,81162,No,9215,1497,10712,1,30,top1_30retrieve_gpt_5_mini_gpt_5_mini,gpt-5-mini,gpt-5-mini,8,9,88.88888888888889
Case14408,BRCA1/2,Yes,Not Specified,Yes,Yes,Yes,Yes,81162,Yes,9146,1431,10577,1,30,top1_30retrieve_gpt_5_mini_gpt_5_mini,gpt-5-mini,gpt-5-mini,5,9,55.55555555555556
Case15202,BRCA1/2,No,Yes,No,Yes,No,Yes,Not Specified,No,17856,1686,19542,1,30,top1_30retrieve_gpt_5_mini_gpt_5_mini,gpt-5-mini,gpt-5-mini,5,9,55.55555555555556
Case15458,BRCA1/2,Yes,Not Specified,Yes,Yes,Yes,Yes,Not Specified,Yes,17857,1432,19289,1,30,top1_30retrieve_gpt_5_mini_gpt_5_mini,gpt-5-mini,gpt-5-mini,8,9,88.88888888888889
Case15570,BRCA1/2,No,Not Specified,No,No,No,No,Not Specified,No,17845,1112,18957,1,30,top1_30retrieve_gpt_5_mini_gpt_5_mini,gpt-5-mini,gpt-5-mini,8,9,88.88888888888889
Case16126,BRCA1/2,No,Not Specified,No,No,No,Yes,Not Specified,No,17833,1688,19521,1,30,top1_30retrieve_gpt_5_mini_gpt_5_mini,gpt-5-mini,gpt-5-mini,8,9,88.88888888888889
Case17196,CMA,Not Specified,Not Specified,No,Not Specified,Not Specified,No,81228,No,14607,1370,15977,1,30,top1_30retrieve_gpt_5_mini_gpt_5_mini,gpt-5-mini,gpt-5-mini,6,9,66.66666666666667
Case17595,CMA,Not Specified,Not Specified,Yes,Not Specified,Yes,Yes,Not Specified,Yes,14611,1305,15916,1,30,top1_30retrieve_gpt_5_mini_gpt_5_mini,gpt-5-mini,gpt-5-mini,5,9,55.55555555555556
Case18821,WES,No,No,Yes,No,Yes,No,81415,No,13746,1554,15300,1,30,top1_30retrieve_gpt_5_mini_gpt_5_mini,gpt-5-mini,gpt-5-mini,6,9,66.66666666666667
Case19162,WGS,Yes,Yes,Yes,Yes,Yes,Yes,Not Specified,No,13754,3347,17101,1,30,top1_30retrieve_gpt_5_mini_gpt_5_mini,gpt-5-mini,gpt-5-mini,7,9,77.77777777777777
Case2007,BRCA1/2,Yes,Not Specified,Yes,Yes,Yes,Yes,Not Specified,Yes,17846,1560,19406,1,30,top1_30retrieve_gpt_5_mini_gpt_5_mini,gpt-5-mini,gpt-5-mini,8,9,88.88888888888889
Case2162,WGS,Yes,Not Specified,Yes,Not Specified,Yes,Yes,81425,Yes,13720,3030,16750,1,30,top1_30retrieve_gpt_5_mini_gpt_5_mini,gpt-5-mini,gpt-5-mini,7,9,77.77777777777777
Case22,BRCA1/2,Yes,Not Specified,Yes,Yes,Yes,Yes,Not Specified,Yes,17877,1688,19565,1,30,top1_30retrieve_gpt_5_mini_gpt_5_mini,gpt-5-mini,gpt-5-mini,8,9,88.88888888888889
Case2666,BRCA1/2,Yes,Not Specified,Yes,Yes,Yes,Yes,Not Specified,Yes,17846,1560,19406,1,30,top1_30retrieve_gpt_5_mini_gpt_5_mini,gpt-5-mini,gpt-5-mini,5,9,55.55555555555556
Case2847,WES,Yes,Not Specified,Yes,Yes,No,Yes,81415,Yes,13754,2196,15950,1,30,top1_30retrieve_gpt_5_mini_gpt_5_mini,gpt-5-mini,gpt-5-mini,7,9,77.77777777777777
Case3223,BRCA1/2,Not Specified,Not Specified,Yes,No,Yes,No,Not Specified,Yes,17829,1434,19263,1,30,top1_30retrieve_gpt_5_mini_gpt_5_mini,gpt-5-mini,gpt-5-mini,5,9,55.55555555555556
Case3494,WES,Yes,Not Specified,Yes,No,Yes,No,81415,No,9377,1428,10805,1,30,top1_30retrieve_gpt_5_mini_gpt_5_mini,gpt-5-mini,gpt-5-mini,7,9,77.77777777777777
Case3581,BRCA1/2,Yes,Not Specified,No,No,No,No,81162,No,9178,1047,10225,1,30,top1_30retrieve_gpt_5_mini_gpt_5_mini,gpt-5-mini,gpt-5-mini,7,9,77.77777777777777
Case4196,WES,Yes,No,Yes,No,Yes,Yes,Not Specified,No,13752,1491,15243,1,30,top1_30retrieve_gpt_5_mini_gpt_5_mini,gpt-5-mini,gpt-5-mini,5,9,55.55555555555556
Case4262,WES,Not Specified,Not Specified,Yes,Not Specified,Yes,Yes,81415,Yes,13745,2520,16265,1,30,top1_30retrieve_gpt_5_mini_gpt_5_mini,gpt-5-mini,gpt-5-mini,6,9,66.66666666666667
Case4604,WES,Yes,Not Specified,Yes,Yes,Yes,Yes,81415,Yes,13750,1748,15498,1,30,top1_30retrieve_gpt_5_mini_gpt_5_mini,gpt-5-mini,gpt-5-mini,7,9,77.77777777777777
Case5834,CMA,Not Specified,Not Specified,Yes,Not Specified,Not Specified,Yes,Not Specified,Yes,14617,1051,15668,1,30,top1_30retrieve_gpt_5_mini_gpt_5_mini,gpt-5-mini,gpt-5-mini,5,9,55.55555555555556
Case6747,WGS,Yes,Yes,Yes,Yes,Yes,Yes,Not Specified,Yes,13721,2451,16172,1,30,top1_30retrieve_gpt_5_mini_gpt_5_mini,gpt-5-mini,gpt-5-mini,8,9,88.88888888888889
Case6867,BRCA1/2,Not Specified,Not Specified,Yes,Yes,Yes,Yes,Not Specified,Yes,17852,2266,20118,1,30,top1_30retrieve_gpt_5_mini_gpt_5_mini,gpt-5-mini,gpt-5-mini,5,9,55.55555555555556
Case7447,WGS,No,No,No,No,No,No,Not Specified,No,13727,1363,15090,1,30,top1_30retrieve_gpt_5_mini_gpt_5_mini,gpt-5-mini,gpt-5-mini,6,9,66.66666666666667
Case8051,WES,Yes,No,No,No,No,Yes,81415,No,13742,1682,15424,1,30,top1_30retrieve_gpt_5_mini_gpt_5_mini,gpt-5-mini,gpt-5-mini,3,9,33.333333333333336
Case811,WES,Yes,Not Specified,Yes,Yes,Yes,Yes,81415,Yes,13773,1428,15201,1,30,top1_30retrieve_gpt_5_mini_gpt_5_mini,gpt-5-mini,gpt-5-mini,7,9,77.77777777777777
Case8485,WES,Yes,Not Specified,No,No,Yes,No,81415,No,9373,1684,11057,1,30,top1_30retrieve_gpt_5_mini_gpt_5_mini,gpt-5-mini,gpt-5-mini,5,9,55.55555555555556
Case9349,WES,Yes,Not Specified,Yes,Yes,Yes,Yes,81415,Yes,13745,2132,15877,1,30,top1_30retrieve_gpt_5_mini_gpt_5_mini,gpt-5-mini,gpt-5-mini,8,9,88.88888888888889
Case9408,WES,Yes,Yes,Yes,Yes,Yes,Yes,81415,Yes,13753,978,14731,1,30,top1_30retrieve_gpt_5_mini_gpt_5_mini,gpt-5-mini,gpt-5-mini,7,9,77.77777777777777
Case9773,CMA,Not Specified,Not Specified,Yes,Not Specified,Not Specified,Yes,Not Specified,Yes,14609,1307,15916,1,30,top1_30retrieve_gpt_5_mini_gpt_5_mini,gpt-5-mini,gpt-5-mini,6,9,66.66666666666667
Case10075,CMA,Not Specified,Not Specified,No,Not Specified,Not Specified,Yes,81277,No,14606,3418,18024,1,30,top1_30retrieve_gpt_5_mini_gpt_5,gpt-5-mini,gpt-5,6,9,66.66666666666667
Case11795,WES,Yes,Not Specified,No,Yes,Yes,Yes,81415,No,13776,2772,16548,1,30,top1_30retrieve_gpt_5_mini_gpt_5,gpt-5-mini,gpt-5,6,9,66.66666666666667
Case13983,WGS,Yes,Not Specified,Yes,Not Specified,Yes,Yes,81425,No,13800,3286,17086,1,30,top1_30retrieve_gpt_5_mini_gpt_5,gpt-5-mini,gpt-5,6,9,66.66666666666667
Case13,WES,Yes,Not Specified,Yes,Yes,Yes,Yes,81415,Yes,13731,3348,17079,1,30,top1_30retrieve_gpt_5_mini_gpt_5,gpt-5-mini,gpt-5,8,9,88.88888888888889
Case14017,WES,Yes,Not Specified,No,No,No,Yes,81415,No,13759,3220,16979,1,30,top1_30retrieve_gpt_5_mini_gpt_5,gpt-5-mini,gpt-5,4,9,44.44444444444444
Case14141,WES,Yes,Not Specified,Yes,Yes,Yes,Yes,81415,Yes,13738,1813,15551,1,30,top1_30retrieve_gpt_5_mini_gpt_5,gpt-5-mini,gpt-5,8,9,88.88888888888889
Case14155,WGS,Yes,Not Specified,No,No,Not Specified,Not Specified,81425,No,8063,2456,10519,1,30,top1_30retrieve_gpt_5_mini_gpt_5,gpt-5-mini,gpt-5,7,9,77.77777777777777
Case14195,BRCA1/2,Not Specified,Not Specified,No,Not Specified,No,No,81162,No,17826,2075,19901,1,30,top1_30retrieve_gpt_5_mini_gpt_5,gpt-5-mini,gpt-5,7,9,77.77777777777777
Case14226,BRCA1/2,Yes,Not Specified,No,No,No,No,81162,No,9215,1559,10774,1,30,top1_30retrieve_gpt_5_mini_gpt_5,gpt-5-mini,gpt-5,7,9,77.77777777777777
Case14408,BRCA1/2,Yes,Not Specified,Yes,No,Yes,Yes,81162,No,9146,3543,12689,1,30,top1_30retrieve_gpt_5_mini_gpt_5,gpt-5-mini,gpt-5,6,9,66.66666666666667
Case15202,BRCA1/2,Not Specified,Not Specified,No,Not Specified,No,Yes,81162,No,17856,2715,20571,1,30,top1_30retrieve_gpt_5_mini_gpt_5,gpt-5-mini,gpt-5,6,9,66.66666666666667
Case15458,BRCA1/2,Yes,Not Specified,Yes,Not Specified,Yes,Yes,81162,Yes,17857,1817,19674,1,30,top1_30retrieve_gpt_5_mini_gpt_5,gpt-5-mini,gpt-5,8,9,88.88888888888889
Case15570,BRCA1/2,No,Not Specified,No,Not Specified,No,No,81162,No,17845,2265,20110,1,30,top1_30retrieve_gpt_5_mini_gpt_5,gpt-5-mini,gpt-5,8,9,88.88888888888889
Case17196,CMA,Not Specified,Not Specified,No,Not Specified,Not Specified,Not Specified,81228,No,14607,1884,16491,1,30,top1_30retrieve_gpt_5_mini_gpt_5,gpt-5-mini,gpt-5,7,9,77.77777777777777
Case17595,CMA,Not Specified,Not Specified,No,Yes,Not Specified,Not Specified,81228,No,14611,2586,17197,1,30,top1_30retrieve_gpt_5_mini_gpt_5,gpt-5-mini,gpt-5,6,9,66.66666666666667
Case18821,WES,No,Not Specified,No,No,No,No,81415,No,13746,1556,15302,1,30,top1_30retrieve_gpt_5_mini_gpt_5,gpt-5-mini,gpt-5,6,9,66.66666666666667
Case19162,WGS,Yes,Yes,Yes,Not Specified,Yes,Yes,81425,No,13754,3348,17102,1,30,top1_30retrieve_gpt_5_mini_gpt_5,gpt-5-mini,gpt-5,5,9,55.55555555555556
Case2007,BRCA1/2,Yes,Not Specified,Yes,Not Specified,Yes,Yes,81162,Yes,17846,2009,19855,1,30,top1_30retrieve_gpt_5_mini_gpt_5,gpt-5-mini,gpt-5,8,9,88.88888888888889
Case2162,WGS,Yes,Not Specified,No,No,Yes,Yes,Not Specified,No,13720,4181,17901,1,30,top1_30retrieve_gpt_5_mini_gpt_5,gpt-5-mini,gpt-5,6,9,66.66666666666667
Case22,BRCA1/2,Yes,Not Specified,Yes,Not Specified,Yes,Yes,81162,Yes,17877,2073,19950,1,30,top1_30retrieve_gpt_5_mini_gpt_5,gpt-5-mini,gpt-5,8,9,88.88888888888889
Case2666,BRCA1/2,Yes,Not Specified,Yes,Not Specified,Yes,Yes,81162,Yes,17846,2073,19919,1,30,top1_30retrieve_gpt_5_mini_gpt_5,gpt-5-mini,gpt-5,5,9,55.55555555555556
Case2847,WES,Yes,Not Specified,Yes,Not Specified,Not Specified,Yes,81415,No,13754,4120,17874,1,30,top1_30retrieve_gpt_5_mini_gpt_5,gpt-5-mini,gpt-5,5,9,55.55555555555556
Case3223,BRCA1/2,Not Specified,Not Specified,Yes,Not Specified,Yes,No,81162,Yes,17829,1947,19776,1,30,top1_30retrieve_gpt_5_mini_gpt_5,gpt-5-mini,gpt-5,5,9,55.55555555555556
Case3494,WES,Yes,Not Specified,No,No,Not Specified,Not Specified,81415,No,9377,2776,12153,1,30,top1_30retrieve_gpt_5_mini_gpt_5,gpt-5-mini,gpt-5,7,9,77.77777777777777
Case3581,BRCA1/2,Yes,Not Specified,No,No,No,No,81162,No,9178,1303,10481,1,30,top1_30retrieve_gpt_5_mini_gpt_5,gpt-5-mini,gpt-5,7,9,77.77777777777777
Case4196,WES,Yes,Not Specified,Yes,Yes,Yes,Yes,81415,Yes,13752,2708,16460,1,30,top1_30retrieve_gpt_5_mini_gpt_5,gpt-5-mini,gpt-5,7,9,77.77777777777777
Case4262,WES,Yes,Not Specified,Yes,Not Specified,Yes,Yes,81415,Yes,13745,2582,16327,1,30,top1_30retrieve_gpt_5_mini_gpt_5,gpt-5-mini,gpt-5,7,9,77.77777777777777
Case4604,WES,Yes,Not Specified,Yes,Yes,Yes,Yes,81415,Yes,13750,2516,16266,1,30,top1_30retrieve_gpt_5_mini_gpt_5,gpt-5-mini,gpt-5,7,9,77.77777777777777
Case5674,WES,Yes,Not Specified,No,Yes,Yes,Yes,81415,No,13733,2644,16377,1,30,top1_30retrieve_gpt_5_mini_gpt_5,gpt-5-mini,gpt-5,6,9,66.66666666666667
Case5834,CMA,Not Specified,Not Specified,Yes,Yes,Not Specified,Yes,81228,Yes,14617,1560,16177,1,30,top1_30retrieve_gpt_5_mini_gpt_5,gpt-5-mini,gpt-5,3,9,33.333333333333336
Case6747,WGS,No,Yes,No,Yes,Yes,Yes,81425,No,13721,3346,17067,1,30,top1_30retrieve_gpt_5_mini_gpt_5,gpt-5-mini,gpt-5,4,9,44.44444444444444
Case6867,BRCA1/2,Yes,Not Specified,Yes,Not Specified,Yes,Yes,81162,Yes,17852,2393,20245,1,30,top1_30retrieve_gpt_5_mini_gpt_5,gpt-5-mini,gpt-5,6,9,66.66666666666667
Case7447,WGS,No,Not Specified,No,No,No,No,81425,No,13727,1812,15539,1,30,top1_30retrieve_gpt_5_mini_gpt_5,gpt-5-mini,gpt-5,6,9,66.66666666666667
Case8051,WES,Yes,Not Specified,Yes,Yes,No,Yes,81415,Yes,13742,3604,17346,1,30,top1_30retrieve_gpt_5_mini_gpt_5,gpt-5-mini,gpt-5,7,9,77.77777777777777
Case811,WES,Yes,Not Specified,No,Yes,Not Specified,Yes,81415,No,13773,3350,17123,1,30,top1_30retrieve_gpt_5_mini_gpt_5,gpt-5-mini,gpt-5,6,9,66.66666666666667
Case8485,WES,Yes,Not Specified,No,Not Specified,Not Specified,Not Specified,81415,No,9373,4122,13495,1,30,top1_30retrieve_gpt_5_mini_gpt_5,gpt-5-mini,gpt-5,6,9,66.66666666666667
Case9349,WES,Yes,Not Specified,Yes,Yes,Yes,Yes,81415,Yes,13745,3604,17349,1,30,top1_30retrieve_gpt_5_mini_gpt_5,gpt-5-mini,gpt-5,8,9,88.88888888888889
Case9408,WES,Yes,Yes,Yes,Yes,Not Specified,Yes,81415,Yes,13753,2452,16205,1,30,top1_30retrieve_gpt_5_mini_gpt_5,gpt-5-mini,gpt-5,6,9,66.66666666666667
Case9773,CMA,Not Specified,Not Specified,Yes,Yes,Not Specified,Yes,81228,Yes,14609,1560,16169,1,30,top1_30retrieve_gpt_5_mini_gpt_5,gpt-5-mini,gpt-5,4,9,44.44444444444444
Case10075,CMA,Not Specified,Not Specified,No,Not Specified,Not Specified,Yes,Not Specified,No,14606,2075,16681,1,30,top1_30retrieve_gpt_5_gpt_5_mini,gpt-5,gpt-5-mini,7,9,77.77777777777777
Case11795,WES,Yes,Not Specified,Yes,Yes,Yes,Yes,81415,Yes,13776,1812,15588,1,30,top1_30retrieve_gpt_5_gpt_5_mini,gpt-5,gpt-5-mini,8,9,88.88888888888889
Case12792,BRCA1/2,No,Not Specified,No,Yes,No,Yes,Not Specified,No,17829,1752,19581,1,30,top1_30retrieve_gpt_5_gpt_5_mini,gpt-5,gpt-5-mini,8,9,88.88888888888889
Case13983,WGS,Yes,No,No,No,Yes,Yes,Not Specified,No,13800,3219,17019,1,30,top1_30retrieve_gpt_5_gpt_5_mini,gpt-5,gpt-5-mini,5,9,55.55555555555556
Case13,WES,Yes,Not Specified,Yes,Not Specified,Yes,Yes,81415,Yes,13731,1622,15353,1,30,top1_30retrieve_gpt_5_gpt_5_mini,gpt-5,gpt-5-mini,7,9,77.77777777777777
Case14017,WES,Yes,Not Specified,Yes,Yes,Yes,Yes,81415,Yes,13759,2580,16339,1,30,top1_30retrieve_gpt_5_gpt_5_mini,gpt-5,gpt-5-mini,7,9,77.77777777777777
Case14141,WES,Yes,Not Specified,Yes,Yes,Yes,Yes,Not Specified,Yes,13738,1429,15167,1,30,top1_30retrieve_gpt_5_gpt_5_mini,gpt-5,gpt-5-mini,9,9,100.0
Case14155,WGS,Yes,Not Specified,No,No,Yes,No,81425,No,8063,1364,9427,1,30,top1_30retrieve_gpt_5_gpt_5_mini,gpt-5,gpt-5-mini,6,9,66.66666666666667
Case14195,BRCA1/2,Yes,Not Specified,No,No,No,No,Not Specified,No,17826,1176,19002,1,30,top1_30retrieve_gpt_5_gpt_5_mini,gpt-5,gpt-5-mini,8,9,88.88888888888889
Case14226,BRCA1/2,Yes,Not Specified,No,No,No,No,81162,No,9215,1815,11030,1,30,top1_30retrieve_gpt_5_gpt_5_mini,gpt-5,gpt-5-mini,7,9,77.77777777777777
Case14408,BRCA1/2,Yes,Not Specified,Yes,Yes,Yes,Yes,81162,Yes,9146,1751,10897,1,30,top1_30retrieve_gpt_5_gpt_5_mini,gpt-5,gpt-5-mini,5,9,55.55555555555556
Case15458,BRCA1/2,Yes,Not Specified,Yes,Yes,Yes,Yes,Not Specified,Yes,17857,1048,18905,1,30,top1_30retrieve_gpt_5_gpt_5_mini,gpt-5,gpt-5-mini,8,9,88.88888888888889
Case15570,BRCA1/2,No,Not Specified,No,No,No,No,Not Specified,No,17845,792,18637,1,30,top1_30retrieve_gpt_5_gpt_5_mini,gpt-5,gpt-5-mini,8,9,88.88888888888889
Case16126,BRCA1/2,No,Not Specified,No,Yes,No,Not Specified,Not Specified,No,17833,1498,19331,1,30,top1_30retrieve_gpt_5_gpt_5_mini,gpt-5,gpt-5-mini,7,9,77.77777777777777
Case17196,CMA,Not Specified,Not Specified,No,Not Specified,No,No,Not Specified,No,14607,1625,16232,1,30,top1_30retrieve_gpt_5_gpt_5_mini,gpt-5,gpt-5-mini,8,9,88.88888888888889
Case17595,CMA,Not Specified,Not Specified,Yes,Not Specified,Not Specified,Yes,Not Specified,Yes,14611,1499,16110,1,30,top1_30retrieve_gpt_5_gpt_5_mini,gpt-5,gpt-5-mini,5,9,55.55555555555556
Case19162,WGS,Yes,Yes,Yes,No,Yes,Yes,Not Specified,Yes,13754,2195,15949,1,30,top1_30retrieve_gpt_5_gpt_5_mini,gpt-5,gpt-5-mini,7,9,77.77777777777777
Case2007,BRCA1/2,Yes,Not Specified,Yes,Yes,Yes,Yes,Not Specified,Yes,17846,1240,19086,1,30,top1_30retrieve_gpt_5_gpt_5_mini,gpt-5,gpt-5-mini,8,9,88.88888888888889
Case2162,WGS,Yes,Not Specified,No,Yes,Yes,Yes,Not Specified,No,13720,2645,16365,1,30,top1_30retrieve_gpt_5_gpt_5_mini,gpt-5,gpt-5-mini,7,9,77.77777777777777
Case22,BRCA1/2,Yes,Not Specified,Yes,Yes,Yes,Yes,Not Specified,Yes,17877,1496,19373,1,30,top1_30retrieve_gpt_5_gpt_5_mini,gpt-5,gpt-5-mini,8,9,88.88888888888889
Case2666,BRCA1/2,Yes,Not Specified,Yes,Yes,Yes,Yes,Not Specified,Yes,17846,1176,19022,1,30,top1_30retrieve_gpt_5_gpt_5_mini,gpt-5,gpt-5-mini,5,9,55.55555555555556
Case2847,WES,Yes,Not Specified,Yes,Yes,No,Yes,81415,Yes,13754,2324,16078,1,30,top1_30retrieve_gpt_5_gpt_5_mini,gpt-5,gpt-5-mini,7,9,77.77777777777777
Case3223,BRCA1/2,Not Specified,Not Specified,Yes,No,Yes,No,Not Specified,Yes,17829,1050,18879,1,30,top1_30retrieve_gpt_5_gpt_5_mini,gpt-5,gpt-5-mini,5,9,55.55555555555556
Case3494,WES,Yes,Not Specified,No,No,Yes,No,81415,No,9377,1236,10613,1,30,top1_30retrieve_gpt_5_gpt_5_mini,gpt-5,gpt-5-mini,6,9,66.66666666666667
Case3581,BRCA1/2,Yes,Not Specified,No,No,No,No,81162,No,9178,1111,10289,1,30,top1_30retrieve_gpt_5_gpt_5_mini,gpt-5,gpt-5-mini,7,9,77.77777777777777
Case4196,WES,Yes,No,Yes,No,Yes,Yes,81415,No,13752,1426,15178,1,30,top1_30retrieve_gpt_5_gpt_5_mini,gpt-5,gpt-5-mini,4,9,44.44444444444444
Case4262,WES,Yes,Not Specified,Yes,Yes,Yes,Yes,81415,Yes,13745,1940,15685,1,30,top1_30retrieve_gpt_5_gpt_5_mini,gpt-5,gpt-5-mini,8,9,88.88888888888889
Case4604,WES,Yes,Not Specified,Yes,Not Specified,Yes,Yes,81415,Yes,13750,1750,15500,1,30,top1_30retrieve_gpt_5_gpt_5_mini,gpt-5,gpt-5-mini,6,9,66.66666666666667
Case5674,WES,Yes,No,Yes,Yes,Yes,Yes,81415,Yes,13733,1874,15607,1,30,top1_30retrieve_gpt_5_gpt_5_mini,gpt-5,gpt-5-mini,5,9,55.55555555555556
Case5834,CMA,Not Specified,Not Specified,Yes,Not Specified,No,Yes,Not Specified,Yes,14617,1177,15794,1,30,top1_30retrieve_gpt_5_gpt_5_mini,gpt-5,gpt-5-mini,6,9,66.66666666666667
Case6747,WGS,Not Specified,Yes,No,Yes,Yes,Yes,81415,No,13721,2260,15981,1,30,top1_30retrieve_gpt_5_gpt_5_mini,gpt-5,gpt-5-mini,4,9,44.44444444444444
Case6867,BRCA1/2,Yes,Not Specified,Yes,Yes,Yes,Yes,Not Specified,Yes,17852,2328,20180,1,30,top1_30retrieve_gpt_5_gpt_5_mini,gpt-5,gpt-5-mini,6,9,66.66666666666667
Case7447,WGS,No,No,No,No,No,No,Not Specified,No,13727,1875,15602,1,30,top1_30retrieve_gpt_5_gpt_5_mini,gpt-5,gpt-5-mini,6,9,66.66666666666667
Case8051,WES,Yes,Not Specified,Yes,Yes,No,Yes,81415,Yes,13742,2388,16130,1,30,top1_30retrieve_gpt_5_gpt_5_mini,gpt-5,gpt-5-mini,7,9,77.77777777777777
Case811,WES,Yes,Not Specified,Yes,Not Specified,Yes,Yes,Not Specified,Yes,13773,2199,15972,1,30,top1_30retrieve_gpt_5_gpt_5_mini,gpt-5,gpt-5-mini,7,9,77.77777777777777
Case8485,WES,Yes,Not Specified,No,No,Not Specified,No,81415,No,9373,1494,10867,1,30,top1_30retrieve_gpt_5_gpt_5_mini,gpt-5,gpt-5-mini,5,9,55.55555555555556
Case9349,WES,Yes,Not Specified,Yes,Yes,Yes,Yes,81415,Yes,13745,3284,17029,1,30,top1_30retrieve_gpt_5_gpt_5_mini,gpt-5,gpt-5-mini,8,9,88.88888888888889
Case9408,WES,Yes,Yes,Yes,Yes,Yes,Yes,Not Specified,Yes,13753,1171,14924,1,30,top1_30retrieve_gpt_5_gpt_5_mini,gpt-5,gpt-5-mini,8,9,88.88888888888889
Case9773,CMA,Not Specified,Not Specified,Yes,Not Specified,No,Yes,Not Specified,Yes,14609,1241,15850,1,30,top1_30retrieve_gpt_5_gpt_5_mini,gpt-5,gpt-5-mini,7,9,77.77777777777777
Case10075,CMA,Yes,Not Specified,No,Not Specified,Not Specified,Yes,81228,No,14606,2776,17382,1,30,top1_30retrieve_gpt_5_gpt_5,gpt-5,gpt-5,5,9,55.55555555555556
Case11795,WES,Yes,Not Specified,No,Yes,Yes,Yes,81415,No,13776,2644,16420,1,30,top1_30retrieve_gpt_5_gpt_5,gpt-5,gpt-5,6,9,66.66666666666667
Case12792,BRCA1/2,No,Not Specified,No,Not Specified,No,Yes,81162,No,17829,1817,19646,1,30,top1_30retrieve_gpt_5_gpt_5,gpt-5,gpt-5,8,9,88.88888888888889
Case13983,WGS,Yes,Not Specified,Yes,Not Specified,Yes,Yes,81425,No,13800,3606,17406,1,30,top1_30retrieve_gpt_5_gpt_5,gpt-5,gpt-5,6,9,66.66666666666667
Case13,WES,Yes,Not Specified,No,No,Yes,Yes,81415,No,13731,3348,17079,1,30,top1_30retrieve_gpt_5_gpt_5,gpt-5,gpt-5,5,9,55.55555555555556
Case14017,WES,Yes,Not Specified,No,No,Not Specified,Yes,81415,No,13759,2582,16341,1,30,top1_30retrieve_gpt_5_gpt_5,gpt-5,gpt-5,5,9,55.55555555555556
Case14141,WES,Yes,Not Specified,Yes,Yes,Yes,Yes,81415,Yes,13738,2260,15998,1,30,top1_30retrieve_gpt_5_gpt_5,gpt-5,gpt-5,8,9,88.88888888888889
Case14155,WGS,Yes,Not Specified,No,No,Not Specified,No,81425,No,8063,2326,10389,1,30,top1_30retrieve_gpt_5_gpt_5,gpt-5,gpt-5,6,9,66.66666666666667
Case14195,BRCA1/2,Yes,Not Specified,No,Not Specified,No,No,81162,No,17826,1945,19771,1,30,top1_30retrieve_gpt_5_gpt_5,gpt-5,gpt-5,8,9,88.88888888888889
Case14226,BRCA1/2,Yes,Not Specified,No,No,No,No,81162,No,9215,1623,10838,1,30,top1_30retrieve_gpt_5_gpt_5,gpt-5,gpt-5,7,9,77.77777777777777
Case14408,BRCA1/2,Yes,Not Specified,Yes,Yes,Yes,Yes,81162,No,9146,3031,12177,1,30,top1_30retrieve_gpt_5_gpt_5,gpt-5,gpt-5,6,9,66.66666666666667
Case15202,BRCA1/2,Not Specified,Not Specified,No,Not Specified,No,Yes,81162,No,17856,2587,20443,1,30,top1_30retrieve_gpt_5_gpt_5,gpt-5,gpt-5,6,9,66.66666666666667
Case15458,BRCA1/2,Yes,Not Specified,Yes,Not Specified,Yes,Yes,81162,Yes,17857,1945,19802,1,30,top1_30retrieve_gpt_5_gpt_5,gpt-5,gpt-5,8,9,88.88888888888889
Case15570,BRCA1/2,No,Not Specified,No,No,No,No,81162,No,17845,1879,19724,1,30,top1_30retrieve_gpt_5_gpt_5,gpt-5,gpt-5,7,9,77.77777777777777
Case16126,BRCA1/2,No,Not Specified,No,Not Specified,No,Yes,81162,No,17833,1881,19714,1,30,top1_30retrieve_gpt_5_gpt_5,gpt-5,gpt-5,8,9,88.88888888888889
Case17196,CMA,Not Specified,Not Specified,No,Not Specified,Not Specified,Not Specified,81228,No,14607,1884,16491,1,30,top1_30retrieve_gpt_5_gpt_5,gpt-5,gpt-5,7,9,77.77777777777777
Case17595,CMA,Not Specified,Not Specified,Yes,Yes,Not Specified,Yes,81228,Yes,14611,2328,16939,1,30,top1_30retrieve_gpt_5_gpt_5,gpt-5,gpt-5,3,9,33.333333333333336
Case19162,WGS,Yes,Yes,No,Not Specified,Yes,Yes,81425,No,13754,3284,17038,1,30,top1_30retrieve_gpt_5_gpt_5,gpt-5,gpt-5,4,9,44.44444444444444
Case2007,BRCA1/2,Yes,Not Specified,Yes,Not Specified,Yes,Yes,81162,Yes,17846,2393,20239,1,30,top1_30retrieve_gpt_5_gpt_5,gpt-5,gpt-5,8,9,88.88888888888889
Case2162,WGS,Yes,Not Specified,No,No,Not Specified,Yes,81425,No,13720,3670,17390,1,30,top1_30retrieve_gpt_5_gpt_5,gpt-5,gpt-5,4,9,44.44444444444444
Case22,BRCA1/2,Yes,Not Specified,Yes,Not Specified,Yes,Yes,81162,Yes,17877,1433,19310,1,30,top1_30retrieve_gpt_5_gpt_5,gpt-5,gpt-5,8,9,88.88888888888889
Case2666,BRCA1/2,Yes,Not Specified,Yes,Not Specified,Yes,Yes,81162,Yes,17846,2073,19919,1,30,top1_30retrieve_gpt_5_gpt_5,gpt-5,gpt-5,5,9,55.55555555555556
Case2847,WES,Yes,Not Specified,Yes,Yes,No,Yes,81415,No,13754,2836,16590,1,30,top1_30retrieve_gpt_5_gpt_5,gpt-5,gpt-5,6,9,66.66666666666667
Case3223,BRCA1/2,Not Specified,Not Specified,Yes,Not Specified,Yes,No,81162,Yes,17829,2203,20032,1,30,top1_30retrieve_gpt_5_gpt_5,gpt-5,gpt-5,5,9,55.55555555555556
Case3494,WES,Yes,Not Specified,No,No,Not Specified,Not Specified,81415,No,9377,2328,11705,1,30,top1_30retrieve_gpt_5_gpt_5,gpt-5,gpt-5,7,9,77.77777777777777
Case3581,BRCA1/2,Yes,Not Specified,No,No,No,No,81162,No,9178,1495,10673,1,30,top1_30retrieve_gpt_5_gpt_5,gpt-5,gpt-5,7,9,77.77777777777777
Case4262,WES,Yes,Not Specified,Yes,Yes,Yes,Yes,81415,Yes,13745,2644,16389,1,30,top1_30retrieve_gpt_5_gpt_5,gpt-5,gpt-5,8,9,88.88888888888889
Case4604,WES,Yes,Not Specified,Yes,Yes,Yes,Yes,81415,Yes,13750,1748,15498,1,30,top1_30retrieve_gpt_5_gpt_5,gpt-5,gpt-5,7,9,77.77777777777777
Case5674,WES,Yes,Not Specified,No,Yes,Yes,Yes,81415,No,13733,2452,16185,1,30,top1_30retrieve_gpt_5_gpt_5,gpt-5,gpt-5,6,9,66.66666666666667
Case5834,CMA,Not Specified,Not Specified,Yes,Yes,Not Specified,Not Specified,81228,Yes,14617,2074,16691,1,30,top1_30retrieve_gpt_5_gpt_5,gpt-5,gpt-5,4,9,44.44444444444444
Case6747,WGS,No,Not Specified,No,No,Yes,Yes,81425,No,13721,2388,16109,1,30,top1_30retrieve_gpt_5_gpt_5,gpt-5,gpt-5,4,9,44.44444444444444
Case6867,BRCA1/2,Yes,Not Specified,Yes,Not Specified,Yes,Yes,81162,Yes,17852,2905,20757,1,30,top1_30retrieve_gpt_5_gpt_5,gpt-5,gpt-5,6,9,66.66666666666667
Case7447,WGS,No,Not Specified,No,No,No,No,81425,No,13727,2004,15731,1,30,top1_30retrieve_gpt_5_gpt_5,gpt-5,gpt-5,6,9,66.66666666666667
Case8051,WES,Yes,Not Specified,Yes,Yes,No,Yes,81415,Yes,13742,3924,17666,1,30,top1_30retrieve_gpt_5_gpt_5,gpt-5,gpt-5,7,9,77.77777777777777
Case811,WES,Yes,Not Specified,No,Yes,Yes,Yes,81415,No,13773,3220,16993,1,30,top1_30retrieve_gpt_5_gpt_5,gpt-5,gpt-5,5,9,55.55555555555556
Case8485,WES,Yes,Not Specified,No,No,Not Specified,Not Specified,81415,No,9373,2200,11573,1,30,top1_30retrieve_gpt_5_gpt_5,gpt-5,gpt-5,6,9,66.66666666666667
Case9349,WES,Yes,Not Specified,Yes,Yes,Yes,Yes,81415,Yes,13745,3732,17477,1,30,top1_30retrieve_gpt_5_gpt_5,gpt-5,gpt-5,8,9,88.88888888888889
Case9408,WES,Yes,Yes,Yes,Yes,No,Yes,81415,Yes,13753,3154,16907,1,30,top1_30retrieve_gpt_5_gpt_5,gpt-5,gpt-5,6,9,66.66666666666667
Case9773,CMA,Yes,Not Specified,Yes,Yes,Not Specified,Yes,81228,Yes,14609,1750,16359,1,30,top1_30retrieve_gpt_5_gpt_5,gpt-5,gpt-5,3,9,33.333333333333336
Case10075,CMA,Yes,Yes,Yes,Yes,Yes,Yes,81228,Yes,32195,2258,34453,3,10,top3_10retrieve_gpt_5_mini_gpt_5_mini,gpt-5-mini,gpt-5-mini,1,9,11.11111111111111
Case11795,WES,Yes,Not Specified,Yes,Yes,Yes,Yes,81415,Yes,33910,2900,36810,3,10,top3_10retrieve_gpt_5_mini_gpt_5_mini,gpt-5-mini,gpt-5-mini,8,9,88.88888888888889
Case12792,BRCA1/2,No,Not Specified,No,No,No,Yes,81162,No,29218,1367,30585,3,10,top3_10retrieve_gpt_5_mini_gpt_5_mini,gpt-5-mini,gpt-5-mini,7,9,77.77777777777777
Case13983,WGS,Yes,Not Specified,Yes,Not Specified,Yes,Yes,81425,Yes,56575,3414,59989,3,10,top3_10retrieve_gpt_5_mini_gpt_5_mini,gpt-5-mini,gpt-5-mini,7,9,77.77777777777777
Case13,WES,Yes,No,Yes,Yes,Yes,Yes,81415,Yes,40260,2514,42774,3,10,top3_10retrieve_gpt_5_mini_gpt_5_mini,gpt-5-mini,gpt-5-mini,7,9,77.77777777777777
Case14017,WES,Yes,Not Specified,Yes,Yes,Yes,Yes,81415,Yes,41730,2708,44438,3,10,top3_10retrieve_gpt_5_mini_gpt_5_mini,gpt-5-mini,gpt-5-mini,7,9,77.77777777777777
Case14195,BRCA1/2,Yes,Not Specified,No,No,No,No,81162,No,40084,791,40875,3,10,top3_10retrieve_gpt_5_mini_gpt_5_mini,gpt-5-mini,gpt-5-mini,7,9,77.77777777777777
Case14226,BRCA1/2,Yes,Not Specified,No,No,No,No,81162,No,42340,3031,45371,3,10,top3_10retrieve_gpt_5_mini_gpt_5_mini,gpt-5-mini,gpt-5-mini,7,9,77.77777777777777
Case15202,BRCA1/2,No,Yes,No,Yes,No,Yes,Not Specified,No,42272,2390,44662,3,10,top3_10retrieve_gpt_5_mini_gpt_5_mini,gpt-5-mini,gpt-5-mini,5,9,55.55555555555556
Case15458,BRCA1/2,Yes,Not Specified,Yes,Yes,Yes,Yes,Not Specified,Yes,42273,1368,43641,3,10,top3_10retrieve_gpt_5_mini_gpt_5_mini,gpt-5-mini,gpt-5-mini,8,9,88.88888888888889
Case15570,BRCA1/2,No,Not Specified,No,No,No,No,Not Specified,No,29995,1048,31043,3,10,top3_10retrieve_gpt_5_mini_gpt_5_mini,gpt-5-mini,gpt-5-mini,8,9,88.88888888888889
Case16126,BRCA1/2,No,No,No,Yes,No,Yes,81162,No,32492,1685,34177,3,10,top3_10retrieve_gpt_5_mini_gpt_5_mini,gpt-5-mini,gpt-5-mini,6,9,66.66666666666667
Case17196,CMA,Not Specified,Not Specified,No,Not Specified,Not Specified,Not Specified,81228,No,64574,2268,66842,3,10,top3_10retrieve_gpt_5_mini_gpt_5_mini,gpt-5-mini,gpt-5-mini,7,9,77.77777777777777
Case17595,CMA,Not Specified,Not Specified,Yes,Yes,Yes,Yes,Not Specified,Yes,25413,1815,27228,3,10,top3_10retrieve_gpt_5_mini_gpt_5_mini,gpt-5-mini,gpt-5-mini,4,9,44.44444444444444
Case18821,WES,Not Specified,Not Specified,Not Specified,No,Yes,No,Not Specified,No,44406,1817,46223,3,10,top3_10retrieve_gpt_5_mini_gpt_5_mini,gpt-5-mini,gpt-5-mini,6,9,66.66666666666667
Case19162,WGS,Yes,Yes,Yes,Yes,Yes,Yes,81425,Yes,40283,1682,41965,3,10,top3_10retrieve_gpt_5_mini_gpt_5_mini,gpt-5-mini,gpt-5-mini,7,9,77.77777777777777
Case2007,BRCA1/2,Yes,Yes,Yes,Yes,Yes,Yes,Not Specified,Yes,43053,1814,44867,3,10,top3_10retrieve_gpt_5_mini_gpt_5_mini,gpt-5-mini,gpt-5-mini,7,9,77.77777777777777
Case2162,WGS,Yes,Not Specified,Yes,Not Specified,Yes,Yes,81425,Yes,40249,2326,42575,3,10,top3_10retrieve_gpt_5_mini_gpt_5_mini,gpt-5-mini,gpt-5-mini,7,9,77.77777777777777
Case22,BRCA1/2,Yes,Not Specified,Yes,Yes,Yes,Yes,81162,Yes,77717,1495,79212,3,10,top3_10retrieve_gpt_5_mini_gpt_5_mini,gpt-5-mini,gpt-5-mini,7,9,77.77777777777777
Case2666,BRCA1/2,Yes,Yes,Yes,Yes,Yes,Yes,Not Specified,Yes,42262,1814,44076,3,10,top3_10retrieve_gpt_5_mini_gpt_5_mini,gpt-5-mini,gpt-5-mini,4,9,44.44444444444444
Case2847,WES,Yes,Not Specified,Yes,Yes,No,Yes,81415,Yes,36767,1876,38643,3,10,top3_10retrieve_gpt_5_mini_gpt_5_mini,gpt-5-mini,gpt-5-mini,7,9,77.77777777777777
Case3223,BRCA1/2,Yes,Not Specified,Yes,No,Yes,No,Not Specified,Yes,42245,2584,44829,3,10,top3_10retrieve_gpt_5_mini_gpt_5_mini,gpt-5-mini,gpt-5-mini,5,9,55.55555555555556
Case3494,WES,Yes,No,Not Specified,No,Yes,No,81415,No,35026,2324,37350,3,10,top3_10retrieve_gpt_5_mini_gpt_5_mini,gpt-5-mini,gpt-5-mini,5,9,55.55555555555556
Case3581,BRCA1/2,Yes,Not Specified,No,No,No,No,81162,No,42303,1175,43478,3,10,top3_10retrieve_gpt_5_mini_gpt_5_mini,gpt-5-mini,gpt-5-mini,7,9,77.77777777777777
Case4196,WES,Yes,Yes,Yes,Yes,Yes,Yes,81415,Yes,40281,2258,42539,3,10,top3_10retrieve_gpt_5_mini_gpt_5_mini,gpt-5-mini,gpt-5-mini,6,9,66.66666666666667
Case4262,WES,Yes,Yes,Yes,Yes,Yes,Yes,81415,Yes,53616,1426,55042,3,10,top3_10retrieve_gpt_5_mini_gpt_5_mini,gpt-5-mini,gpt-5-mini,7,9,77.77777777777777
Case4604,WES,Yes,Yes,Yes,Yes,Yes,Yes,81415,Yes,47882,1618,49500,3,10,top3_10retrieve_gpt_5_mini_gpt_5_mini,gpt-5-mini,gpt-5-mini,6,9,66.66666666666667
Case5674,WES,Yes,No,No,No,Yes,Yes,81415,No,40483,2066,42549,3,10,top3_10retrieve_gpt_5_mini_gpt_5_mini,gpt-5-mini,gpt-5-mini,4,9,44.44444444444444
Case5834,CMA,Not Specified,Not Specified,Yes,Not Specified,No,Yes,81228,Yes,46728,2328,49056,3,10,top3_10retrieve_gpt_5_mini_gpt_5_mini,gpt-5-mini,gpt-5-mini,5,9,55.55555555555556
Case6747,WGS,Yes,Yes,Yes,Yes,Yes,Yes,81425,Yes,40250,1170,41420,3,10,top3_10retrieve_gpt_5_mini_gpt_5_mini,gpt-5-mini,gpt-5-mini,7,9,77.77777777777777
Case6867,BRCA1/2,Yes,Not Specified,Yes,Yes,Yes,Yes,Not Specified,Yes,42268,1944,44212,3,10,top3_10retrieve_gpt_5_mini_gpt_5_mini,gpt-5-mini,gpt-5-mini,6,9,66.66666666666667
Case7447,WGS,Not Specified,No,No,No,No,No,81425,No,46428,1940,48368,3,10,top3_10retrieve_gpt_5_mini_gpt_5_mini,gpt-5-mini,gpt-5-mini,4,9,44.44444444444444
Case8051,WES,Yes,No,No,Yes,No,Yes,81415,No,41212,2130,43342,3,10,top3_10retrieve_gpt_5_mini_gpt_5_mini,gpt-5-mini,gpt-5-mini,4,9,44.44444444444444
Case811,WES,Yes,Not Specified,Yes,Not Specified,Yes,Yes,81415,No,37671,2454,40125,3,10,top3_10retrieve_gpt_5_mini_gpt_5_mini,gpt-5-mini,gpt-5-mini,5,9,55.55555555555556
Case9349,WES,Yes,Not Specified,No,Not Specified,Yes,Yes,81415,No,62178,2966,65144,3,10,top3_10retrieve_gpt_5_mini_gpt_5_mini,gpt-5-mini,gpt-5-mini,5,9,55.55555555555556
Case9408,WES,Yes,Yes,Yes,Yes,No,Yes,Not Specified,Yes,40503,1555,42058,3,10,top3_10retrieve_gpt_5_mini_gpt_5_mini,gpt-5-mini,gpt-5-mini,7,9,77.77777777777777
Case9773,CMA,Yes,Not Specified,Yes,Yes,Not Specified,Yes,81228,Yes,24722,1750,26472,3,10,top3_10retrieve_gpt_5_mini_gpt_5_mini,gpt-5-mini,gpt-5-mini,3,9,33.333333333333336
Case10075,CMA,Yes,Not Specified,No,Not Specified,Not Specified,Yes,81228,No,32195,2712,34907,3,10,top3_10retrieve_gpt_5_mini_gpt_5,gpt-5-mini,gpt-5,5,9,55.55555555555556
Case11795,WES,Yes,Not Specified,No,Yes,Yes,Yes,81415,No,33910,2772,36682,3,10,top3_10retrieve_gpt_5_mini_gpt_5,gpt-5-mini,gpt-5,6,9,66.66666666666667
Case12792,BRCA1/2,No,Not Specified,No,Not Specified,No,Yes,81162,No,31835,2137,33972,3,10,top3_10retrieve_gpt_5_mini_gpt_5,gpt-5-mini,gpt-5,8,9,88.88888888888889
Case13983,WGS,Yes,Not Specified,No,No,Yes,Yes,81425,No,56575,2644,59219,3,10,top3_10retrieve_gpt_5_mini_gpt_5,gpt-5-mini,gpt-5,5,9,55.55555555555556
Case13,WES,Yes,Not Specified,Yes,No,Yes,Yes,81415,No,40481,3092,43573,3,10,top3_10retrieve_gpt_5_mini_gpt_5,gpt-5-mini,gpt-5,6,9,66.66666666666667
Case14017,WES,Yes,Not Specified,No,No,No,Yes,81415,No,41730,3092,44822,3,10,top3_10retrieve_gpt_5_mini_gpt_5,gpt-5-mini,gpt-5,4,9,44.44444444444444
Case14195,BRCA1/2,Yes,Not Specified,No,No,No,No,81162,No,42242,2455,44697,3,10,top3_10retrieve_gpt_5_mini_gpt_5,gpt-5-mini,gpt-5,7,9,77.77777777777777
Case14226,BRCA1/2,Yes,Not Specified,No,No,No,No,81162,No,42340,2711,45051,3,10,top3_10retrieve_gpt_5_mini_gpt_5,gpt-5-mini,gpt-5,7,9,77.77777777777777
Case15202,BRCA1/2,Yes,Not Specified,No,Not Specified,No,Yes,81162,No,42272,3161,45433,3,10,top3_10retrieve_gpt_5_mini_gpt_5,gpt-5-mini,gpt-5,7,9,77.77777777777777
Case15458,BRCA1/2,Yes,Not Specified,Yes,Not Specified,Yes,Yes,81162,Yes,42273,2073,44346,3,10,top3_10retrieve_gpt_5_mini_gpt_5,gpt-5-mini,gpt-5,8,9,88.88888888888889
Case15570,BRCA1/2,No,Not Specified,No,No,No,No,81162,No,29995,2007,32002,3,10,top3_10retrieve_gpt_5_mini_gpt_5,gpt-5-mini,gpt-5,7,9,77.77777777777777
Case16126,BRCA1/2,No,Not Specified,No,Not Specified,No,Yes,81162,No,42249,1945,44194,3,10,top3_10retrieve_gpt_5_mini_gpt_5,gpt-5-mini,gpt-5,8,9,88.88888888888889
Case17196,CMA,Not Specified,Not Specified,No,Not Specified,Not Specified,Not Specified,81228,No,42494,2140,44634,3,10,top3_10retrieve_gpt_5_mini_gpt_5,gpt-5-mini,gpt-5,7,9,77.77777777777777
Case17595,CMA,Not Specified,Not Specified,Yes,Not Specified,Not Specified,Not Specified,81228,Yes,25788,2716,28504,3,10,top3_10retrieve_gpt_5_mini_gpt_5,gpt-5-mini,gpt-5,5,9,55.55555555555556
Case18821,WES,Not Specified,No,Not Specified,No,No,No,81415,No,44406,2006,46412,3,10,top3_10retrieve_gpt_5_mini_gpt_5,gpt-5-mini,gpt-5,4,9,44.44444444444444
Case19162,WGS,Yes,Yes,No,Not Specified,Yes,Yes,81425,No,40283,3860,44143,3,10,top3_10retrieve_gpt_5_mini_gpt_5,gpt-5-mini,gpt-5,4,9,44.44444444444444
Case2007,BRCA1/2,Yes,Not Specified,Yes,Not Specified,Yes,Yes,81162,Yes,43053,1817,44870,3,10,top3_10retrieve_gpt_5_mini_gpt_5,gpt-5-mini,gpt-5,8,9,88.88888888888889
Case2162,WGS,Yes,Not Specified,No,Not Specified,Yes,Yes,81228,No,34061,4310,38371,3,10,top3_10retrieve_gpt_5_mini_gpt_5,gpt-5-mini,gpt-5,5,9,55.55555555555556
Case22,BRCA1/2,Yes,Not Specified,Yes,Not Specified,Yes,Yes,81162,Yes,77717,1433,79150,3,10,top3_10retrieve_gpt_5_mini_gpt_5,gpt-5-mini,gpt-5,8,9,88.88888888888889
Case2666,BRCA1/2,Yes,Not Specified,Yes,Not Specified,Yes,Yes,81162,Yes,77686,2201,79887,3,10,top3_10retrieve_gpt_5_mini_gpt_5,gpt-5-mini,gpt-5,5,9,55.55555555555556
Case2847,WES,Yes,Not Specified,Yes,Yes,No,Yes,81415,Yes,37652,4244,41896,3,10,top3_10retrieve_gpt_5_mini_gpt_5,gpt-5-mini,gpt-5,7,9,77.77777777777777
Case3223,BRCA1/2,Yes,Not Specified,Yes,Not Specified,Yes,No,81162,Yes,52233,2073,54306,3,10,top3_10retrieve_gpt_5_mini_gpt_5,gpt-5-mini,gpt-5,5,9,55.55555555555556
Case3494,WES,Yes,Not Specified,No,No,Not Specified,No,81415,No,35026,3926,38952,3,10,top3_10retrieve_gpt_5_mini_gpt_5,gpt-5-mini,gpt-5,6,9,66.66666666666667
Case3581,BRCA1/2,Yes,Not Specified,No,No,No,No,81162,No,23821,1879,25700,3,10,top3_10retrieve_gpt_5_mini_gpt_5,gpt-5-mini,gpt-5,7,9,77.77777777777777
Case4196,WES,Yes,Not Specified,Yes,No,Yes,Yes,81415,No,40281,2708,42989,3,10,top3_10retrieve_gpt_5_mini_gpt_5,gpt-5-mini,gpt-5,5,9,55.55555555555556
Case4262,WES,Yes,Not Specified,Yes,Yes,Yes,Yes,81415,Yes,42880,2260,45140,3,10,top3_10retrieve_gpt_5_mini_gpt_5,gpt-5-mini,gpt-5,8,9,88.88888888888889
Case4604,WES,Yes,Not Specified,Yes,Yes,Yes,Yes,81415,Yes,47882,2196,50078,3,10,top3_10retrieve_gpt_5_mini_gpt_5,gpt-5-mini,gpt-5,7,9,77.77777777777777
Case5674,WES,Yes,Not Specified,No,Yes,Yes,Yes,81415,No,40483,2900,43383,3,10,top3_10retrieve_gpt_5_mini_gpt_5,gpt-5-mini,gpt-5,6,9,66.66666666666667
Case5834,CMA,Not Specified,Not Specified,Yes,Yes,Not Specified,Yes,81228,Yes,46728,1944,48672,3,10,top3_10retrieve_gpt_5_mini_gpt_5,gpt-5-mini,gpt-5,3,9,33.333333333333336
Case6747,WGS,No,Yes,No,Yes,Yes,Yes,81415,No,40250,2386,42636,3,10,top3_10retrieve_gpt_5_mini_gpt_5,gpt-5-mini,gpt-5,4,9,44.44444444444444
Case6867,BRCA1/2,Yes,Not Specified,Yes,Not Specified,Yes,Yes,81162,Yes,42268,2585,44853,3,10,top3_10retrieve_gpt_5_mini_gpt_5,gpt-5-mini,gpt-5,6,9,66.66666666666667
Case7447,WGS,No,Not Specified,No,No,No,No,81425,No,46428,2516,48944,3,10,top3_10retrieve_gpt_5_mini_gpt_5,gpt-5-mini,gpt-5,6,9,66.66666666666667
Case8051,WES,Yes,Not Specified,Yes,Yes,No,Yes,81415,Yes,52101,3476,55577,3,10,top3_10retrieve_gpt_5_mini_gpt_5,gpt-5-mini,gpt-5,7,9,77.77777777777777
Case811,WES,Yes,Not Specified,Not Specified,Yes,Yes,Yes,81415,No,37671,3478,41149,3,10,top3_10retrieve_gpt_5_mini_gpt_5,gpt-5-mini,gpt-5,5,9,55.55555555555556
Case9349,WES,Yes,Not Specified,Yes,Yes,Yes,Yes,81415,Yes,62178,3156,65334,3,10,top3_10retrieve_gpt_5_mini_gpt_5,gpt-5-mini,gpt-5,8,9,88.88888888888889
Case9408,WES,Yes,Yes,Yes,Yes,Not Specified,Yes,81415,Yes,41724,1940,43664,3,10,top3_10retrieve_gpt_5_mini_gpt_5,gpt-5-mini,gpt-5,6,9,66.66666666666667
Case9773,CMA,Yes,Not Specified,Yes,Yes,Not Specified,Yes,81228,Yes,24722,2006,26728,3,10,top3_10retrieve_gpt_5_mini_gpt_5,gpt-5-mini,gpt-5,3,9,33.333333333333336
Case10075,CMA,Yes,Not Specified,No,Not Specified,Not Specified,Yes,Not Specified,No,28205,3481,31686,3,10,top3_10retrieve_gpt_5_gpt_5_mini,gpt-5,gpt-5-mini,6,9,66.66666666666667
Case11795,WES,Yes,Not Specified,Yes,Yes,Yes,Yes,81415,Yes,44397,2324,46721,3,10,top3_10retrieve_gpt_5_gpt_5_mini,gpt-5,gpt-5-mini,8,9,88.88888888888889
Case12792,BRCA1/2,No,Not Specified,No,No,No,Yes,81162,No,32124,1367,33491,3,10,top3_10retrieve_gpt_5_gpt_5_mini,gpt-5,gpt-5-mini,7,9,77.77777777777777
Case13983,WGS,Yes,Not Specified,Yes,Yes,Yes,Yes,81425,Yes,56575,2452,59027,3,10,top3_10retrieve_gpt_5_gpt_5_mini,gpt-5,gpt-5-mini,8,9,88.88888888888889
Case13,WES,Not Specified,No,Yes,Not Specified,Yes,Yes,81415,Yes,47022,2646,49668,3,10,top3_10retrieve_gpt_5_gpt_5_mini,gpt-5,gpt-5-mini,5,9,55.55555555555556
Case14017,WES,Yes,Not Specified,Yes,No,Yes,Yes,81415,Yes,41730,2964,44694,3,10,top3_10retrieve_gpt_5_gpt_5_mini,gpt-5,gpt-5-mini,6,9,66.66666666666667
Case14195,BRCA1/2,Yes,Yes,No,No,No,No,81162,No,40480,1173,41653,3,10,top3_10retrieve_gpt_5_gpt_5_mini,gpt-5,gpt-5-mini,6,9,66.66666666666667
Case14226,BRCA1/2,Yes,Not Specified,No,No,No,No,81162,No,31457,1815,33272,3,10,top3_10retrieve_gpt_5_gpt_5_mini,gpt-5,gpt-5-mini,7,9,77.77777777777777
Case15202,BRCA1/2,No,Not Specified,No,Yes,No,Yes,81162,No,52260,2007,54267,3,10,top3_10retrieve_gpt_5_gpt_5_mini,gpt-5,gpt-5-mini,5,9,55.55555555555556
Case15458,BRCA1/2,Yes,Not Specified,Yes,Yes,Yes,Yes,81162,Yes,52261,1559,53820,3,10,top3_10retrieve_gpt_5_gpt_5_mini,gpt-5,gpt-5-mini,7,9,77.77777777777777
Case15570,BRCA1/2,No,Not Specified,No,No,No,No,81162,No,32140,727,32867,3,10,top3_10retrieve_gpt_5_gpt_5_mini,gpt-5,gpt-5-mini,7,9,77.77777777777777
Case16126,BRCA1/2,No,No,No,Not Specified,No,Not Specified,81162,No,40487,1753,42240,3,10,top3_10retrieve_gpt_5_gpt_5_mini,gpt-5,gpt-5-mini,6,9,66.66666666666667
Case17196,CMA,Not Specified,Not Specified,No,Not Specified,Not Specified,No,Not Specified,No,22859,1627,24486,3,10,top3_10retrieve_gpt_5_gpt_5_mini,gpt-5,gpt-5-mini,7,9,77.77777777777777
Case17595,CMA,Not Specified,Not Specified,Yes,Yes,Yes,Yes,Not Specified,Yes,25413,2071,27484,3,10,top3_10retrieve_gpt_5_gpt_5_mini,gpt-5,gpt-5-mini,4,9,44.44444444444444
Case18821,WES,No,No,No,No,Not Specified,No,81415,No,44406,1556,45962,3,10,top3_10retrieve_gpt_5_gpt_5_mini,gpt-5,gpt-5-mini,6,9,66.66666666666667
Case19162,WGS,Yes,Yes,Yes,Yes,Yes,Yes,81425,Yes,40283,1682,41965,3,10,top3_10retrieve_gpt_5_gpt_5_mini,gpt-5,gpt-5-mini,7,9,77.77777777777777
Case2007,BRCA1/2,Yes,Not Specified,Yes,Yes,Yes,Yes,Not Specified,Yes,43053,2968,46021,3,10,top3_10retrieve_gpt_5_gpt_5_mini,gpt-5,gpt-5-mini,8,9,88.88888888888889
Case2162,WGS,Yes,Not Specified,Yes,Yes,Yes,Yes,81425,Yes,40249,3604,43853,3,10,top3_10retrieve_gpt_5_gpt_5_mini,gpt-5,gpt-5-mini,8,9,88.88888888888889
Case22,BRCA1/2,Yes,Not Specified,Yes,Yes,Yes,Yes,81162,Yes,77717,1175,78892,3,10,top3_10retrieve_gpt_5_gpt_5_mini,gpt-5,gpt-5-mini,7,9,77.77777777777777
Case2666,BRCA1/2,Yes,Not Specified,Yes,Yes,Yes,Yes,81162,Yes,77686,1239,78925,3,10,top3_10retrieve_gpt_5_gpt_5_mini,gpt-5,gpt-5-mini,4,9,44.44444444444444
Case2847,WES,Not Specified,Not Specified,Yes,Yes,No,Yes,81415,Yes,39638,2390,42028,3,10,top3_10retrieve_gpt_5_gpt_5_mini,gpt-5,gpt-5-mini,6,9,66.66666666666667
Case3223,BRCA1/2,Yes,Not Specified,Yes,No,Yes,No,81162,No,52233,1815,54048,3,10,top3_10retrieve_gpt_5_gpt_5_mini,gpt-5,gpt-5-mini,5,9,55.55555555555556
Case3494,WES,Yes,No,Yes,No,Yes,No,81415,No,35026,1874,36900,3,10,top3_10retrieve_gpt_5_gpt_5_mini,gpt-5,gpt-5-mini,6,9,66.66666666666667
Case3581,BRCA1/2,Yes,Not Specified,No,No,No,No,81162,No,42303,1111,43414,3,10,top3_10retrieve_gpt_5_gpt_5_mini,gpt-5,gpt-5-mini,7,9,77.77777777777777
Case4196,WES,Yes,Not Specified,No,No,Yes,Yes,81415,No,40281,2580,42861,3,10,top3_10retrieve_gpt_5_gpt_5_mini,gpt-5,gpt-5-mini,5,9,55.55555555555556
Case4262,WES,Yes,Yes,Yes,Not Specified,Yes,Yes,81415,Yes,42880,2004,44884,3,10,top3_10retrieve_gpt_5_gpt_5_mini,gpt-5,gpt-5-mini,6,9,66.66666666666667
Case4604,WES,Yes,Yes,Yes,Yes,Yes,Yes,81415,Yes,47041,1170,48211,3,10,top3_10retrieve_gpt_5_gpt_5_mini,gpt-5,gpt-5-mini,6,9,66.66666666666667
Case5674,WES,Yes,Not Specified,Yes,Yes,Yes,Yes,81415,Yes,30242,2452,32694,3,10,top3_10retrieve_gpt_5_gpt_5_mini,gpt-5,gpt-5-mini,6,9,66.66666666666667
Case5834,CMA,Not Specified,Not Specified,Yes,Yes,No,Yes,Not Specified,Yes,21971,1687,23658,3,10,top3_10retrieve_gpt_5_gpt_5_mini,gpt-5,gpt-5-mini,5,9,55.55555555555556
Case6747,WGS,Yes,Yes,Yes,Yes,Yes,Yes,81425,Yes,61780,1682,63462,3,10,top3_10retrieve_gpt_5_gpt_5_mini,gpt-5,gpt-5-mini,7,9,77.77777777777777
Case6867,BRCA1/2,Yes,Not Specified,Yes,Yes,Yes,Yes,81162,Yes,77692,1239,78931,3,10,top3_10retrieve_gpt_5_gpt_5_mini,gpt-5,gpt-5-mini,5,9,55.55555555555556
Case7447,WGS,Yes,No,No,No,No,No,81415,No,46428,2258,48686,3,10,top3_10retrieve_gpt_5_gpt_5_mini,gpt-5,gpt-5-mini,4,9,44.44444444444444
Case8051,WES,Yes,No,Yes,Yes,Not Specified,Yes,81415,Yes,41212,2708,43920,3,10,top3_10retrieve_gpt_5_gpt_5_mini,gpt-5,gpt-5-mini,7,9,77.77777777777777
Case811,WES,Yes,Not Specified,Yes,Yes,Yes,Yes,81415,Yes,37671,1748,39419,3,10,top3_10retrieve_gpt_5_gpt_5_mini,gpt-5,gpt-5-mini,7,9,77.77777777777777
Case9349,WES,Yes,Not Specified,Yes,Yes,Yes,Yes,81415,Yes,56520,2644,59164,3,10,top3_10retrieve_gpt_5_gpt_5_mini,gpt-5,gpt-5-mini,8,9,88.88888888888889
Case9408,WES,Yes,Yes,Yes,Yes,No,Yes,81415,Yes,40503,1106,41609,3,10,top3_10retrieve_gpt_5_gpt_5_mini,gpt-5,gpt-5-mini,6,9,66.66666666666667
Case9773,CMA,Not Specified,Not Specified,Yes,Not Specified,Not Specified,Yes,Not Specified,Yes,21188,1499,22687,3,10,top3_10retrieve_gpt_5_gpt_5_mini,gpt-5,gpt-5-mini,6,9,66.66666666666667
Case10075,CMA,Yes,Not Specified,No,Not Specified,Not Specified,Yes,81228,No,32195,2072,34267,3,10,top3_10retrieve_gpt_5_gpt_5,gpt-5,gpt-5,5,9,55.55555555555556
Case11795,WES,Yes,Not Specified,Yes,Yes,Yes,Yes,81415,No,44397,3284,47681,3,10,top3_10retrieve_gpt_5_gpt_5,gpt-5,gpt-5,7,9,77.77777777777777
Case12792,BRCA1/2,No,Not Specified,No,Yes,No,Yes,81162,No,32123,1687,33810,3,10,top3_10retrieve_gpt_5_gpt_5,gpt-5,gpt-5,7,9,77.77777777777777
Case13983,WGS,Yes,Not Specified,No,Not Specified,Yes,Yes,81425,No,56575,3030,59605,3,10,top3_10retrieve_gpt_5_gpt_5,gpt-5,gpt-5,5,9,55.55555555555556
Case13,WES,Yes,Not Specified,Yes,Not Specified,Yes,Yes,81415,Yes,47022,2838,49860,3,10,top3_10retrieve_gpt_5_gpt_5,gpt-5,gpt-5,7,9,77.77777777777777
Case14017,WES,Yes,Not Specified,No,No,Not Specified,Yes,81415,No,41730,3094,44824,3,10,top3_10retrieve_gpt_5_gpt_5,gpt-5,gpt-5,5,9,55.55555555555556
Case14195,BRCA1/2,Yes,Not Specified,No,No,No,No,81162,No,40480,1815,42295,3,10,top3_10retrieve_gpt_5_gpt_5,gpt-5,gpt-5,7,9,77.77777777777777
Case14226,BRCA1/2,Yes,Not Specified,No,No,No,No,81162,No,33450,1815,35265,3,10,top3_10retrieve_gpt_5_gpt_5,gpt-5,gpt-5,7,9,77.77777777777777
Case15202,BRCA1/2,Not Specified,Not Specified,No,Not Specified,No,Yes,81162,No,52260,2267,54527,3,10,top3_10retrieve_gpt_5_gpt_5,gpt-5,gpt-5,6,9,66.66666666666667
Case15458,BRCA1/2,Yes,Not Specified,Yes,Not Specified,Yes,Yes,81162,Yes,52261,1497,53758,3,10,top3_10retrieve_gpt_5_gpt_5,gpt-5,gpt-5,8,9,88.88888888888889
Case15570,BRCA1/2,No,Not Specified,No,No,No,No,81162,No,32140,1751,33891,3,10,top3_10retrieve_gpt_5_gpt_5,gpt-5,gpt-5,7,9,77.77777777777777
Case16126,BRCA1/2,No,Not Specified,No,Not Specified,No,Yes,81162,No,40487,1689,42176,3,10,top3_10retrieve_gpt_5_gpt_5,gpt-5,gpt-5,8,9,88.88888888888889
Case17196,CMA,Not Specified,Not Specified,No,Not Specified,Not Specified,Not Specified,81228,No,22859,1628,24487,3,10,top3_10retrieve_gpt_5_gpt_5,gpt-5,gpt-5,7,9,77.77777777777777
Case17595,CMA,Yes,Not Specified,No,Not Specified,Not Specified,Yes,81228,No,25413,3032,28445,3,10,top3_10retrieve_gpt_5_gpt_5,gpt-5,gpt-5,5,9,55.55555555555556
Case18821,WES,Not Specified,Not Specified,Yes,No,Not Specified,No,81415,No,44406,2968,47374,3,10,top3_10retrieve_gpt_5_gpt_5,gpt-5,gpt-5,7,9,77.77777777777777
Case19162,WGS,Yes,Yes,Not Specified,Not Specified,Yes,Yes,81425,No,40283,3286,43569,3,10,top3_10retrieve_gpt_5_gpt_5,gpt-5,gpt-5,4,9,44.44444444444444
Case2007,BRCA1/2,Yes,Not Specified,Yes,Not Specified,Yes,Yes,81162,Yes,43053,1945,44998,3,10,top3_10retrieve_gpt_5_gpt_5,gpt-5,gpt-5,8,9,88.88888888888889
Case2162,WGS,Not Specified,Not Specified,No,No,Yes,Yes,81228,No,40249,3094,43343,3,10,top3_10retrieve_gpt_5_gpt_5,gpt-5,gpt-5,4,9,44.44444444444444
Case22,BRCA1/2,Yes,Not Specified,Yes,Not Specified,Yes,Yes,81162,Yes,77717,1881,79598,3,10,top3_10retrieve_gpt_5_gpt_5,gpt-5,gpt-5,8,9,88.88888888888889
Case2666,BRCA1/2,Yes,Not Specified,Yes,Yes,Yes,Yes,81162,Yes,77686,2007,79693,3,10,top3_10retrieve_gpt_5_gpt_5,gpt-5,gpt-5,4,9,44.44444444444444
Case2847,WES,Yes,Not Specified,Yes,Yes,Not Specified,Yes,81415,Yes,36166,2966,39132,3,10,top3_10retrieve_gpt_5_gpt_5,gpt-5,gpt-5,7,9,77.77777777777777
Case3223,BRCA1/2,Not Specified,Not Specified,Yes,Not Specified,Yes,No,81162,Yes,52233,2203,54436,3,10,top3_10retrieve_gpt_5_gpt_5,gpt-5,gpt-5,5,9,55.55555555555556
Case3494,WES,Yes,Not Specified,No,No,Not Specified,Not Specified,81415,No,35026,2776,37802,3,10,top3_10retrieve_gpt_5_gpt_5,gpt-5,gpt-5,7,9,77.77777777777777
Case3581,BRCA1/2,Yes,Not Specified,No,No,No,No,81162,No,42303,1431,43734,3,10,top3_10retrieve_gpt_5_gpt_5,gpt-5,gpt-5,7,9,77.77777777777777
Case4196,WES,Yes,Not Specified,Yes,No,Yes,Yes,81415,No,40281,2324,42605,3,10,top3_10retrieve_gpt_5_gpt_5,gpt-5,gpt-5,5,9,55.55555555555556
Case4262,WES,Yes,Not Specified,Yes,Yes,Yes,Yes,81415,Yes,42880,3476,46356,3,10,top3_10retrieve_gpt_5_gpt_5,gpt-5,gpt-5,8,9,88.88888888888889
Case4604,WES,Yes,Not Specified,Yes,Yes,Yes,Yes,81415,Yes,47041,2964,50005,3,10,top3_10retrieve_gpt_5_gpt_5,gpt-5,gpt-5,7,9,77.77777777777777
Case5674,WES,Yes,Not Specified,No,Yes,Yes,Yes,81415,No,40483,2580,43063,3,10,top3_10retrieve_gpt_5_gpt_5,gpt-5,gpt-5,6,9,66.66666666666667
Case5834,CMA,Not Specified,Not Specified,Yes,Not Specified,Not Specified,Not Specified,81228,Yes,21971,2524,24495,3,10,top3_10retrieve_gpt_5_gpt_5,gpt-5,gpt-5,5,9,55.55555555555556
Case6747,WGS,No,Yes,No,Yes,Yes,Yes,81425,No,40250,2258,42508,3,10,top3_10retrieve_gpt_5_gpt_5,gpt-5,gpt-5,4,9,44.44444444444444
Case6867,BRCA1/2,Yes,Not Specified,Yes,Not Specified,Yes,Yes,81162,Yes,77692,2393,80085,3,10,top3_10retrieve_gpt_5_gpt_5,gpt-5,gpt-5,6,9,66.66666666666667
Case7447,WGS,No,Not Specified,No,No,No,No,81425,No,46428,2516,48944,3,10,top3_10retrieve_gpt_5_gpt_5,gpt-5,gpt-5,6,9,66.66666666666667
Case8051,WES,Yes,Not Specified,Yes,Yes,No,Yes,81415,No,41212,3284,44496,3,10,top3_10retrieve_gpt_5_gpt_5,gpt-5,gpt-5,6,9,66.66666666666667
Case811,WES,Yes,Not Specified,Yes,Yes,Not Specified,Yes,81415,Yes,35909,4246,40155,3,10,top3_10retrieve_gpt_5_gpt_5,gpt-5,gpt-5,8,9,88.88888888888889
Case9349,WES,Yes,Not Specified,Yes,Yes,Yes,Yes,81415,Yes,56520,2196,58716,3,10,top3_10retrieve_gpt_5_gpt_5,gpt-5,gpt-5,8,9,88.88888888888889
Case9408,WES,Yes,Yes,Yes,Yes,Not Specified,Yes,81415,Yes,40503,2388,42891,3,10,top3_10retrieve_gpt_5_gpt_5,gpt-5,gpt-5,6,9,66.66666666666667
Case9773,CMA,Yes,Not Specified,Yes,Yes,Not Specified,Yes,81228,Yes,21188,2582,23770,3,10,top3_10retrieve_gpt_5_gpt_5,gpt-5,gpt-5,3,9,33.333333333333336
Case10075,WES,Yes,Yes,Yes,Yes,Yes,Yes,81415,Yes,34719,1554,36273,3,30,top3_30retrieve_gpt_5_mini_gpt_5_mini,gpt-5-mini,gpt-5-mini,0,9,0.0
Case11795,WES,Yes,Not Specified,Yes,Yes,Yes,Yes,81415,Yes,52640,1812,54452,3,30,top3_30retrieve_gpt_5_mini_gpt_5_mini,gpt-5-mini,gpt-5-mini,8,9,88.88888888888889
Case12792,BRCA1/2,No,Not Specified,No,Yes,No,Yes,Not Specified,No,47719,1560,49279,3,30,top3_30retrieve_gpt_5_mini_gpt_5_mini,gpt-5-mini,gpt-5-mini,8,9,88.88888888888889
Case13983,WGS,Yes,Not Specified,Yes,Not Specified,Yes,Yes,81425,No,36857,3158,40015,3,30,top3_30retrieve_gpt_5_mini_gpt_5_mini,gpt-5-mini,gpt-5-mini,6,9,66.66666666666667
Case13,WES,Yes,Not Specified,Yes,Not Specified,Yes,Yes,81415,Yes,40260,1942,42202,3,30,top3_30retrieve_gpt_5_mini_gpt_5_mini,gpt-5-mini,gpt-5-mini,7,9,77.77777777777777
Case14017,WES,Yes,No,Yes,No,Yes,Yes,81415,No,40509,3602,44111,3,30,top3_30retrieve_gpt_5_mini_gpt_5_mini,gpt-5-mini,gpt-5-mini,4,9,44.44444444444444
Case14141,WES,Not Specified,No,Yes,No,Yes,Yes,81415,No,47029,1556,48585,3,30,top3_30retrieve_gpt_5_mini_gpt_5_mini,gpt-5-mini,gpt-5-mini,4,9,44.44444444444444
Case14155,WGS,Yes,Yes,No,No,Not Specified,No,81425,No,32060,2004,34064,3,30,top3_30retrieve_gpt_5_mini_gpt_5_mini,gpt-5-mini,gpt-5-mini,5,9,55.55555555555556
Case14195,BRCA1/2,Yes,Not Specified,No,No,No,No,Not Specified,No,49599,1176,50775,3,30,top3_30retrieve_gpt_5_mini_gpt_5_mini,gpt-5-mini,gpt-5-mini,8,9,88.88888888888889
Case14226,BRCA1/2,Yes,Not Specified,No,No,No,No,81162,No,35975,2071,38046,3,30,top3_30retrieve_gpt_5_mini_gpt_5_mini,gpt-5-mini,gpt-5-mini,7,9,77.77777777777777
Case14408,BRCA1/2,Yes,Not Specified,Yes,Yes,Yes,Yes,81162,Yes,44264,1623,45887,3,30,top3_30retrieve_gpt_5_mini_gpt_5_mini,gpt-5-mini,gpt-5-mini,5,9,55.55555555555556
Case15202,BRCA1/2,Not Specified,Not Specified,No,Yes,No,Yes,Not Specified,No,33243,1562,34805,3,30,top3_30retrieve_gpt_5_mini_gpt_5_mini,gpt-5-mini,gpt-5-mini,6,9,66.66666666666667
Case15458,BRCA1/2,Yes,Not Specified,Yes,Yes,Yes,Yes,Not Specified,Yes,43064,1432,44496,3,30,top3_30retrieve_gpt_5_mini_gpt_5_mini,gpt-5-mini,gpt-5-mini,8,9,88.88888888888889
Case15570,BRCA1/2,No,Not Specified,No,No,No,No,Not Specified,No,39815,1240,41055,3,30,top3_30retrieve_gpt_5_mini_gpt_5_mini,gpt-5-mini,gpt-5-mini,8,9,88.88888888888889
Case16126,BRCA1/2,No,Not Specified,No,No,No,Yes,Not Specified,No,39574,2648,42222,3,30,top3_30retrieve_gpt_5_mini_gpt_5_mini,gpt-5-mini,gpt-5-mini,8,9,88.88888888888889
Case17196,CMA,Not Specified,Not Specified,No,Not Specified,Not Specified,No,Not Specified,No,29933,1819,31752,3,30,top3_30retrieve_gpt_5_mini_gpt_5_mini,gpt-5-mini,gpt-5-mini,7,9,77.77777777777777
Case17595,CMA,Yes,Not Specified,Yes,Yes,Yes,Yes,Not Specified,Yes,34683,1749,36432,3,30,top3_30retrieve_gpt_5_mini_gpt_5_mini,gpt-5-mini,gpt-5-mini,3,9,33.333333333333336
Case18821,WES,Yes,No,Yes,No,Yes,No,81415,No,47037,2066,49103,3,30,top3_30retrieve_gpt_5_mini_gpt_5_mini,gpt-5-mini,gpt-5-mini,5,9,55.55555555555556
Case19162,WGS,Yes,Yes,Yes,Yes,Yes,Yes,81425,Yes,33721,1490,35211,3,30,top3_30retrieve_gpt_5_mini_gpt_5_mini,gpt-5-mini,gpt-5-mini,7,9,77.77777777777777
Case2007,BRCA1/2,Yes,Not Specified,Yes,Yes,Yes,Yes,Not Specified,Yes,32523,1368,33891,3,30,top3_30retrieve_gpt_5_mini_gpt_5_mini,gpt-5-mini,gpt-5-mini,8,9,88.88888888888889
Case2162,WGS,Not Specified,No,No,No,Yes,Yes,81425,No,34061,2132,36193,3,30,top3_30retrieve_gpt_5_mini_gpt_5_mini,gpt-5-mini,gpt-5-mini,3,9,33.333333333333336
Case22,BRCA1/2,Yes,Not Specified,Yes,Yes,Yes,Yes,Not Specified,Yes,43084,1560,44644,3,30,top3_30retrieve_gpt_5_mini_gpt_5_mini,gpt-5-mini,gpt-5-mini,8,9,88.88888888888889
Case2666,BRCA1/2,Yes,Yes,Yes,Yes,Yes,Yes,81162,Yes,81110,1237,82347,3,30,top3_30retrieve_gpt_5_mini_gpt_5_mini,gpt-5-mini,gpt-5-mini,3,9,33.333333333333336
Case2847,WES,Yes,Yes,Yes,Yes,No,Yes,81415,Yes,47045,2066,49111,3,30,top3_30retrieve_gpt_5_mini_gpt_5_mini,gpt-5-mini,gpt-5-mini,6,9,66.66666666666667
Case3223,BRCA1/2,Yes,Not Specified,Yes,No,Yes,No,Not Specified,Yes,32506,1432,33938,3,30,top3_30retrieve_gpt_5_mini_gpt_5_mini,gpt-5-mini,gpt-5-mini,5,9,55.55555555555556
Case3494,WES,Yes,No,No,No,Yes,No,81415,No,29306,1874,31180,3,30,top3_30retrieve_gpt_5_mini_gpt_5_mini,gpt-5-mini,gpt-5-mini,5,9,55.55555555555556
Case3581,BRCA1/2,Yes,Not Specified,No,No,No,No,81162,No,33413,1047,34460,3,30,top3_30retrieve_gpt_5_mini_gpt_5_mini,gpt-5-mini,gpt-5-mini,7,9,77.77777777777777
Case4196,WES,Yes,Yes,Yes,No,Yes,Yes,81415,Yes,35888,2194,38082,3,30,top3_30retrieve_gpt_5_mini_gpt_5_mini,gpt-5-mini,gpt-5-mini,5,9,55.55555555555556
Case4262,WES,Yes,Yes,Yes,Yes,Yes,Yes,81415,Yes,36802,2130,38932,3,30,top3_30retrieve_gpt_5_mini_gpt_5_mini,gpt-5-mini,gpt-5-mini,7,9,77.77777777777777
Case4604,WES,Yes,Yes,Yes,Yes,Yes,Yes,Not Specified,Yes,47882,1747,49629,3,30,top3_30retrieve_gpt_5_mini_gpt_5_mini,gpt-5-mini,gpt-5-mini,7,9,77.77777777777777
Case5674,WES,No,No,No,Yes,Yes,Yes,81415,No,40483,2706,43189,3,30,top3_30retrieve_gpt_5_mini_gpt_5_mini,gpt-5-mini,gpt-5-mini,4,9,44.44444444444444
Case5834,CMA,Not Specified,Not Specified,Yes,Not Specified,No,Yes,Not Specified,Yes,61485,1433,62918,3,30,top3_30retrieve_gpt_5_mini_gpt_5_mini,gpt-5-mini,gpt-5-mini,6,9,66.66666666666667
Case6747,WGS,Yes,Yes,Yes,Yes,Yes,Yes,81415,Yes,40250,914,41164,3,30,top3_30retrieve_gpt_5_mini_gpt_5_mini,gpt-5-mini,gpt-5-mini,7,9,77.77777777777777
Case6867,BRCA1/2,Yes,Not Specified,Yes,Yes,Yes,Yes,81162,Yes,35095,1943,37038,3,30,top3_30retrieve_gpt_5_mini_gpt_5_mini,gpt-5-mini,gpt-5-mini,5,9,55.55555555555556
Case7447,WGS,No,No,No,No,No,No,81425,No,36784,1426,38210,3,30,top3_30retrieve_gpt_5_mini_gpt_5_mini,gpt-5-mini,gpt-5-mini,5,9,55.55555555555556
Case8051,WES,Yes,No,Yes,No,No,Yes,81415,No,47033,2002,49035,3,30,top3_30retrieve_gpt_5_mini_gpt_5_mini,gpt-5-mini,gpt-5-mini,4,9,44.44444444444444
Case811,WES,Yes,Not Specified,Yes,Yes,Yes,Yes,81415,Yes,47905,2964,50869,3,30,top3_30retrieve_gpt_5_mini_gpt_5_mini,gpt-5-mini,gpt-5-mini,7,9,77.77777777777777
Case8485,WES,Yes,No,No,No,Yes,No,81415,No,29302,1426,30728,3,30,top3_30retrieve_gpt_5_mini_gpt_5_mini,gpt-5-mini,gpt-5-mini,4,9,44.44444444444444
Case9349,WES,Yes,Yes,Yes,Yes,Yes,Yes,81415,Yes,52609,2386,54995,3,30,top3_30retrieve_gpt_5_mini_gpt_5_mini,gpt-5-mini,gpt-5-mini,7,9,77.77777777777777
Case9408,WES,Yes,Yes,Yes,Yes,No,Yes,81415,Yes,41724,1682,43406,3,30,top3_30retrieve_gpt_5_mini_gpt_5_mini,gpt-5-mini,gpt-5-mini,6,9,66.66666666666667
Case9773,CMA,Yes,Not Specified,Yes,Not Specified,Not Specified,Yes,Not Specified,Yes,32675,2265,34940,3,30,top3_30retrieve_gpt_5_mini_gpt_5_mini,gpt-5-mini,gpt-5-mini,5,9,55.55555555555556
Case10075,CMA,Not Specified,Not Specified,No,No,Not Specified,Yes,81228,No,34372,2328,36700,3,30,top3_30retrieve_gpt_5_mini_gpt_5,gpt-5-mini,gpt-5,5,9,55.55555555555556
Case11795,WES,Yes,Not Specified,No,Yes,Yes,Yes,81415,No,52640,2516,55156,3,30,top3_30retrieve_gpt_5_mini_gpt_5,gpt-5-mini,gpt-5,6,9,66.66666666666667
Case12792,BRCA1/2,No,Not Specified,No,Not Specified,No,Yes,81162,No,37278,2265,39543,3,30,top3_30retrieve_gpt_5_mini_gpt_5,gpt-5-mini,gpt-5,8,9,88.88888888888889
Case13983,WGS,Yes,Not Specified,Yes,No,Yes,Yes,81425,No,56662,2836,59498,3,30,top3_30retrieve_gpt_5_mini_gpt_5,gpt-5-mini,gpt-5,6,9,66.66666666666667
Case13,WES,Yes,Not Specified,Yes,Yes,Yes,Yes,81415,Yes,40260,3284,43544,3,30,top3_30retrieve_gpt_5_mini_gpt_5,gpt-5-mini,gpt-5,8,9,88.88888888888889
Case14017,WES,Yes,Not Specified,No,No,No,Yes,81415,No,40509,2132,42641,3,30,top3_30retrieve_gpt_5_mini_gpt_5,gpt-5-mini,gpt-5,4,9,44.44444444444444
Case14141,WES,Yes,Not Specified,Yes,Yes,Yes,Yes,81415,Yes,47870,2196,50066,3,30,top3_30retrieve_gpt_5_mini_gpt_5,gpt-5-mini,gpt-5,8,9,88.88888888888889
Case14155,WGS,Yes,Not Specified,No,No,Not Specified,No,81425,No,22412,2774,25186,3,30,top3_30retrieve_gpt_5_mini_gpt_5,gpt-5-mini,gpt-5,6,9,66.66666666666667
Case14195,BRCA1/2,Yes,Not Specified,No,No,No,No,81162,No,52230,2135,54365,3,30,top3_30retrieve_gpt_5_mini_gpt_5,gpt-5-mini,gpt-5,7,9,77.77777777777777
Case14226,BRCA1/2,Yes,Not Specified,No,No,No,No,81162,No,35975,1623,37598,3,30,top3_30retrieve_gpt_5_mini_gpt_5,gpt-5-mini,gpt-5,7,9,77.77777777777777
Case14408,BRCA1/2,Yes,Not Specified,Yes,No,Yes,Yes,81162,No,42271,2391,44662,3,30,top3_30retrieve_gpt_5_mini_gpt_5,gpt-5-mini,gpt-5,6,9,66.66666666666667
Case15202,BRCA1/2,Not Specified,Not Specified,No,Not Specified,No,Yes,81162,No,33243,2523,35766,3,30,top3_30retrieve_gpt_5_mini_gpt_5,gpt-5-mini,gpt-5,6,9,66.66666666666667
Case15458,BRCA1/2,Yes,Not Specified,Yes,Not Specified,Yes,Yes,81162,Yes,43064,2201,45265,3,30,top3_30retrieve_gpt_5_mini_gpt_5,gpt-5-mini,gpt-5,8,9,88.88888888888889
Case15570,BRCA1/2,No,Not Specified,No,Not Specified,No,No,81162,No,29995,1945,31940,3,30,top3_30retrieve_gpt_5_mini_gpt_5,gpt-5-mini,gpt-5,8,9,88.88888888888889
Case17196,CMA,Not Specified,Not Specified,No,Not Specified,Not Specified,Not Specified,81228,No,34735,1436,36171,3,30,top3_30retrieve_gpt_5_mini_gpt_5,gpt-5-mini,gpt-5,7,9,77.77777777777777
Case17595,CMA,Not Specified,Not Specified,No,Not Specified,Not Specified,Yes,81228,No,34683,2266,36949,3,30,top3_30retrieve_gpt_5_mini_gpt_5,gpt-5-mini,gpt-5,6,9,66.66666666666667
Case1778,WES,Yes,Not Specified,Yes,No,Not Specified,Not Specified,81415,No,34985,3608,38593,3,30,top3_30retrieve_gpt_5_mini_gpt_5,gpt-5-mini,gpt-5,7,9,77.77777777777777
Case18821,WES,Not Specified,Not Specified,Not Specified,No,No,No,81415,No,47037,2008,49045,3,30,top3_30retrieve_gpt_5_mini_gpt_5,gpt-5-mini,gpt-5,5,9,55.55555555555556
Case19162,WGS,Yes,Yes,No,Not Specified,Yes,Yes,81425,No,35569,3412,38981,3,30,top3_30retrieve_gpt_5_mini_gpt_5,gpt-5-mini,gpt-5,4,9,44.44444444444444
Case2007,BRCA1/2,Yes,Not Specified,Yes,Not Specified,Yes,Yes,81162,Yes,32523,2329,34852,3,30,top3_30retrieve_gpt_5_mini_gpt_5,gpt-5-mini,gpt-5,8,9,88.88888888888889
Case2162,WGS,Yes,Not Specified,No,No,Yes,Yes,81425,No,47011,2452,49463,3,30,top3_30retrieve_gpt_5_mini_gpt_5,gpt-5-mini,gpt-5,5,9,55.55555555555556
Case22,BRCA1/2,Yes,Not Specified,Yes,Not Specified,Yes,Yes,81162,Yes,43084,1753,44837,3,30,top3_30retrieve_gpt_5_mini_gpt_5,gpt-5-mini,gpt-5,8,9,88.88888888888889
Case2666,BRCA1/2,Yes,Not Specified,Yes,Yes,Yes,Yes,81162,Yes,81110,1623,82733,3,30,top3_30retrieve_gpt_5_mini_gpt_5,gpt-5-mini,gpt-5,4,9,44.44444444444444
Case2847,WES,Yes,Not Specified,No,Yes,No,Yes,81415,No,43134,2836,45970,3,30,top3_30retrieve_gpt_5_mini_gpt_5,gpt-5-mini,gpt-5,5,9,55.55555555555556
Case3223,BRCA1/2,Not Specified,Not Specified,Yes,Not Specified,Yes,No,81162,Yes,32506,2267,34773,3,30,top3_30retrieve_gpt_5_mini_gpt_5,gpt-5-mini,gpt-5,5,9,55.55555555555556
Case3494,WES,Yes,Not Specified,No,No,Not Specified,No,81415,No,29306,2838,32144,3,30,top3_30retrieve_gpt_5_mini_gpt_5,gpt-5-mini,gpt-5,6,9,66.66666666666667
Case3581,BRCA1/2,Yes,Not Specified,No,No,No,No,81162,No,42303,1431,43734,3,30,top3_30retrieve_gpt_5_mini_gpt_5,gpt-5-mini,gpt-5,7,9,77.77777777777777
Case4196,WES,Yes,Not Specified,Yes,No,Yes,Yes,81415,No,47884,2516,50400,3,30,top3_30retrieve_gpt_5_mini_gpt_5,gpt-5-mini,gpt-5,5,9,55.55555555555556
Case4262,WES,Yes,Not Specified,Yes,Yes,Yes,Yes,81415,Yes,36802,2708,39510,3,30,top3_30retrieve_gpt_5_mini_gpt_5,gpt-5-mini,gpt-5,8,9,88.88888888888889
Case4604,WES,Yes,Not Specified,Yes,Yes,Yes,Yes,81415,Yes,47041,1748,48789,3,30,top3_30retrieve_gpt_5_mini_gpt_5,gpt-5-mini,gpt-5,7,9,77.77777777777777
Case5674,WES,Yes,Not Specified,No,Yes,Yes,Yes,81415,No,40483,2772,43255,3,30,top3_30retrieve_gpt_5_mini_gpt_5,gpt-5-mini,gpt-5,6,9,66.66666666666667
Case5834,CMA,Not Specified,Not Specified,Yes,Yes,Not Specified,Yes,81228,Yes,62651,2648,65299,3,30,top3_30retrieve_gpt_5_mini_gpt_5,gpt-5-mini,gpt-5,3,9,33.333333333333336
Case6747,WGS,No,Yes,No,Not Specified,Yes,Yes,81425,No,40250,2516,42766,3,30,top3_30retrieve_gpt_5_mini_gpt_5,gpt-5-mini,gpt-5,3,9,33.333333333333336
Case6867,BRCA1/2,Yes,Not Specified,Yes,Not Specified,Yes,Yes,81162,Yes,43059,2521,45580,3,30,top3_30retrieve_gpt_5_mini_gpt_5,gpt-5-mini,gpt-5,6,9,66.66666666666667
Case7447,WGS,No,Not Specified,No,No,No,No,81425,No,39596,2452,42048,3,30,top3_30retrieve_gpt_5_mini_gpt_5,gpt-5-mini,gpt-5,6,9,66.66666666666667
Case8051,WES,Yes,Not Specified,Yes,No,No,Yes,81415,No,47033,2836,49869,3,30,top3_30retrieve_gpt_5_mini_gpt_5,gpt-5-mini,gpt-5,5,9,55.55555555555556
Case811,WES,Yes,Not Specified,Yes,Yes,Yes,Yes,81415,Yes,47064,3348,50412,3,30,top3_30retrieve_gpt_5_mini_gpt_5,gpt-5-mini,gpt-5,7,9,77.77777777777777
Case8485,WES,Yes,Not Specified,No,No,Not Specified,Not Specified,81415,No,29320,2776,32096,3,30,top3_30retrieve_gpt_5_mini_gpt_5,gpt-5-mini,gpt-5,6,9,66.66666666666667
Case9349,WES,Yes,Not Specified,No,No,Yes,Yes,81415,No,52609,2772,55381,3,30,top3_30retrieve_gpt_5_mini_gpt_5,gpt-5-mini,gpt-5,5,9,55.55555555555556
Case9408,WES,Yes,Yes,Yes,Yes,No,Yes,81415,Yes,40503,2770,43273,3,30,top3_30retrieve_gpt_5_mini_gpt_5,gpt-5-mini,gpt-5,6,9,66.66666666666667
Case9773,CMA,Yes,Not Specified,Yes,Yes,Not Specified,Yes,81228,Yes,32675,1814,34489,3,30,top3_30retrieve_gpt_5_mini_gpt_5,gpt-5-mini,gpt-5,3,9,33.333333333333336
Case10075,CMA,Yes,Not Specified,No,No,No,Yes,81228,No,34371,2004,36375,3,30,top3_30retrieve_gpt_5_gpt_5_mini,gpt-5,gpt-5-mini,5,9,55.55555555555556
Case11795,WES,Yes,Yes,Yes,Yes,Yes,Yes,81415,Yes,35553,1106,36659,3,30,top3_30retrieve_gpt_5_gpt_5_mini,gpt-5,gpt-5-mini,7,9,77.77777777777777
Case12792,BRCA1/2,No,Not Specified,No,Yes,No,Yes,81162,No,40483,1495,41978,3,30,top3_30retrieve_gpt_5_gpt_5_mini,gpt-5,gpt-5-mini,7,9,77.77777777777777
Case13983,WGS,Yes,Not Specified,Yes,Yes,Yes,Yes,81425,Yes,36857,2772,39629,3,30,top3_30retrieve_gpt_5_gpt_5_mini,gpt-5,gpt-5-mini,8,9,88.88888888888889
Case13,WES,Yes,Not Specified,Yes,Yes,Yes,Yes,81415,Yes,47022,2964,49986,3,30,top3_30retrieve_gpt_5_gpt_5_mini,gpt-5,gpt-5-mini,8,9,88.88888888888889
Case14017,WES,Yes,Not Specified,Yes,No,Yes,Yes,Not Specified,Yes,41730,3605,45335,3,30,top3_30retrieve_gpt_5_gpt_5_mini,gpt-5,gpt-5-mini,7,9,77.77777777777777
Case14141,WES,Not Specified,Not Specified,Yes,Yes,Yes,Yes,81415,Yes,47029,1622,48651,3,30,top3_30retrieve_gpt_5_gpt_5_mini,gpt-5,gpt-5-mini,7,9,77.77777777777777
Case14155,WGS,Yes,Yes,No,No,Not Specified,No,81425,No,32060,1940,34000,3,30,top3_30retrieve_gpt_5_gpt_5_mini,gpt-5,gpt-5-mini,5,9,55.55555555555556
Case14195,BRCA1/2,Yes,Not Specified,No,No,No,No,81162,No,77666,983,78649,3,30,top3_30retrieve_gpt_5_gpt_5_mini,gpt-5,gpt-5-mini,7,9,77.77777777777777
Case14226,BRCA1/2,Yes,Not Specified,No,No,No,No,81162,No,35245,2327,37572,3,30,top3_30retrieve_gpt_5_gpt_5_mini,gpt-5,gpt-5-mini,7,9,77.77777777777777
Case14408,BRCA1/2,Yes,Not Specified,Yes,Yes,Yes,Yes,81162,Yes,42271,2071,44342,3,30,top3_30retrieve_gpt_5_gpt_5_mini,gpt-5,gpt-5-mini,5,9,55.55555555555556
Case15202,BRCA1/2,No,Yes,No,Yes,No,Yes,81162,No,45056,2005,47061,3,30,top3_30retrieve_gpt_5_gpt_5_mini,gpt-5,gpt-5-mini,4,9,44.44444444444444
Case15458,BRCA1/2,Yes,Not Specified,Yes,Yes,Yes,Yes,81162,Yes,79690,1175,80865,3,30,top3_30retrieve_gpt_5_gpt_5_mini,gpt-5,gpt-5-mini,7,9,77.77777777777777
Case15570,BRCA1/2,No,No,No,No,No,No,81162,No,40499,1493,41992,3,30,top3_30retrieve_gpt_5_gpt_5_mini,gpt-5,gpt-5-mini,6,9,66.66666666666667
Case16126,BRCA1/2,No,Not Specified,No,Not Specified,No,Not Specified,81162,No,37966,1563,39529,3,30,top3_30retrieve_gpt_5_gpt_5_mini,gpt-5,gpt-5-mini,7,9,77.77777777777777
Case17196,CMA,Not Specified,Not Specified,No,Not Specified,No,Not Specified,81228,No,27257,2394,29651,3,30,top3_30retrieve_gpt_5_gpt_5_mini,gpt-5,gpt-5-mini,8,9,88.88888888888889
Case17595,CMA,Not Specified,Not Specified,Yes,Not Specified,Yes,Yes,Not Specified,Yes,34683,1625,36308,3,30,top3_30retrieve_gpt_5_gpt_5_mini,gpt-5,gpt-5-mini,5,9,55.55555555555556
Case18821,WES,No,No,Yes,No,Yes,No,81415,No,35917,1874,37791,3,30,top3_30retrieve_gpt_5_gpt_5_mini,gpt-5,gpt-5-mini,6,9,66.66666666666667
Case19162,WGS,Yes,Yes,Yes,Yes,Yes,Yes,81425,Yes,33721,1810,35531,3,30,top3_30retrieve_gpt_5_gpt_5_mini,gpt-5,gpt-5-mini,7,9,77.77777777777777
Case2007,BRCA1/2,Yes,Not Specified,Yes,Yes,Yes,Yes,Not Specified,Yes,43053,1624,44677,3,30,top3_30retrieve_gpt_5_gpt_5_mini,gpt-5,gpt-5-mini,8,9,88.88888888888889
Case2162,WGS,Yes,Not Specified,No,No,Yes,Yes,81425,No,88730,2772,91502,3,30,top3_30retrieve_gpt_5_gpt_5_mini,gpt-5,gpt-5-mini,5,9,55.55555555555556
Case22,BRCA1/2,Yes,Not Specified,Yes,Yes,Yes,Yes,81162,Yes,77717,855,78572,3,30,top3_30retrieve_gpt_5_gpt_5_mini,gpt-5,gpt-5-mini,7,9,77.77777777777777
Case2666,BRCA1/2,Yes,Not Specified,Yes,Yes,Yes,Yes,81162,Yes,81110,1431,82541,3,30,top3_30retrieve_gpt_5_gpt_5_mini,gpt-5,gpt-5-mini,4,9,44.44444444444444
Case2847,WES,Yes,Not Specified,Yes,Yes,No,Yes,81415,Yes,43134,2068,45202,3,30,top3_30retrieve_gpt_5_gpt_5_mini,gpt-5,gpt-5-mini,7,9,77.77777777777777
Case3223,BRCA1/2,Not Specified,Not Specified,Yes,No,Yes,No,81162,Yes,32883,1561,34444,3,30,top3_30retrieve_gpt_5_gpt_5_mini,gpt-5,gpt-5-mini,4,9,44.44444444444444
Case3494,WES,Yes,Not Specified,Yes,No,Yes,No,81415,No,35026,2900,37926,3,30,top3_30retrieve_gpt_5_gpt_5_mini,gpt-5,gpt-5-mini,7,9,77.77777777777777
Case3581,BRCA1/2,Yes,Not Specified,No,No,No,No,81162,No,42303,1111,43414,3,30,top3_30retrieve_gpt_5_gpt_5_mini,gpt-5,gpt-5-mini,7,9,77.77777777777777
Case4196,WES,Yes,Not Specified,Yes,No,Yes,Yes,81415,No,82000,1812,83812,3,30,top3_30retrieve_gpt_5_gpt_5_mini,gpt-5,gpt-5-mini,5,9,55.55555555555556
Case4262,WES,Yes,Yes,Yes,Yes,Yes,Yes,81415,Yes,36802,2066,38868,3,30,top3_30retrieve_gpt_5_gpt_5_mini,gpt-5,gpt-5-mini,7,9,77.77777777777777
Case4604,WES,Not Specified,Yes,Yes,Yes,Yes,Yes,81415,Yes,47041,1492,48533,3,30,top3_30retrieve_gpt_5_gpt_5_mini,gpt-5,gpt-5-mini,5,9,55.55555555555556
Case5674,WES,Yes,Yes,Yes,Yes,Yes,Yes,81415,Yes,47245,2002,49247,3,30,top3_30retrieve_gpt_5_gpt_5_mini,gpt-5,gpt-5-mini,5,9,55.55555555555556
Case5834,CMA,Not Specified,Not Specified,Yes,Not Specified,No,Yes,81228,Yes,26492,2072,28564,3,30,top3_30retrieve_gpt_5_gpt_5_mini,gpt-5,gpt-5-mini,5,9,55.55555555555556
Case6747,WGS,Yes,Yes,Yes,Yes,Yes,Yes,81425,Yes,28091,1490,29581,3,30,top3_30retrieve_gpt_5_gpt_5_mini,gpt-5,gpt-5-mini,7,9,77.77777777777777
Case6867,BRCA1/2,Yes,Not Specified,Yes,Yes,Yes,Yes,81162,Yes,70488,1495,71983,3,30,top3_30retrieve_gpt_5_gpt_5_mini,gpt-5,gpt-5-mini,5,9,55.55555555555556
Case7447,WGS,Yes,No,Not Specified,No,No,No,81425,No,34782,1684,36466,3,30,top3_30retrieve_gpt_5_gpt_5_mini,gpt-5,gpt-5-mini,4,9,44.44444444444444
Case8051,WES,Yes,No,No,No,No,Yes,81415,No,47033,1682,48715,3,30,top3_30retrieve_gpt_5_gpt_5_mini,gpt-5,gpt-5-mini,3,9,33.333333333333336
Case811,WES,Yes,Not Specified,Yes,Not Specified,Yes,Yes,81415,Yes,47064,2006,49070,3,30,top3_30retrieve_gpt_5_gpt_5_mini,gpt-5,gpt-5-mini,6,9,66.66666666666667
Case8485,WES,Yes,No,No,No,Yes,No,81415,No,35022,1746,36768,3,30,top3_30retrieve_gpt_5_gpt_5_mini,gpt-5,gpt-5-mini,4,9,44.44444444444444
Case9349,WES,Yes,Not Specified,Yes,Yes,Yes,Yes,81415,Yes,35522,2196,37718,3,30,top3_30retrieve_gpt_5_gpt_5_mini,gpt-5,gpt-5-mini,8,9,88.88888888888889
Case9408,WES,Yes,Yes,Yes,Yes,No,Yes,81415,Yes,40503,1170,41673,3,30,top3_30retrieve_gpt_5_gpt_5_mini,gpt-5,gpt-5-mini,6,9,66.66666666666667
Case9773,CMA,Yes,Not Specified,Yes,Yes,No,Yes,81228,Yes,32676,1812,34488,3,30,top3_30retrieve_gpt_5_gpt_5_mini,gpt-5,gpt-5-mini,4,9,44.44444444444444
Case10075,CMA,Yes,Not Specified,No,No,Not Specified,Yes,81228,No,30925,2006,32931,3,30,top3_30retrieve_gpt_5_gpt_5,gpt-5,gpt-5,4,9,44.44444444444444
Case11795,WES,Yes,Not Specified,No,Yes,Yes,Yes,81415,No,35553,2708,38261,3,30,top3_30retrieve_gpt_5_gpt_5,gpt-5,gpt-5,6,9,66.66666666666667
Case12792,BRCA1/2,No,Not Specified,No,Yes,No,Yes,81162,No,40483,2199,42682,3,30,top3_30retrieve_gpt_5_gpt_5,gpt-5,gpt-5,7,9,77.77777777777777
Case13983,WGS,Yes,Not Specified,No,Not Specified,Yes,Yes,81425,No,36857,3478,40335,3,30,top3_30retrieve_gpt_5_gpt_5,gpt-5,gpt-5,5,9,55.55555555555556
Case13,WES,Yes,Not Specified,Yes,Yes,Yes,Yes,81415,Yes,47022,3540,50562,3,30,top3_30retrieve_gpt_5_gpt_5,gpt-5,gpt-5,8,9,88.88888888888889
Case14017,WES,Yes,Not Specified,No,No,Not Specified,Yes,81415,No,40509,2774,43283,3,30,top3_30retrieve_gpt_5_gpt_5,gpt-5,gpt-5,5,9,55.55555555555556
Case14141,WES,Yes,Not Specified,Yes,Yes,Yes,Yes,81415,Yes,47029,1876,48905,3,30,top3_30retrieve_gpt_5_gpt_5,gpt-5,gpt-5,8,9,88.88888888888889
Case14155,WGS,Yes,Not Specified,No,No,Not Specified,No,81425,No,32060,2838,34898,3,30,top3_30retrieve_gpt_5_gpt_5,gpt-5,gpt-5,6,9,66.66666666666667
Case14195,BRCA1/2,Yes,Not Specified,No,No,No,No,81162,No,77666,1815,79481,3,30,top3_30retrieve_gpt_5_gpt_5,gpt-5,gpt-5,7,9,77.77777777777777
Case14226,BRCA1/2,Yes,Not Specified,No,No,No,No,81162,No,71032,2007,73039,3,30,top3_30retrieve_gpt_5_gpt_5,gpt-5,gpt-5,7,9,77.77777777777777
Case14408,BRCA1/2,Yes,Not Specified,Yes,No,Yes,Yes,81162,No,69700,2519,72219,3,30,top3_30retrieve_gpt_5_gpt_5,gpt-5,gpt-5,6,9,66.66666666666667
Case15202,BRCA1/2,Not Specified,Not Specified,No,Not Specified,No,Yes,81162,No,43063,2779,45842,3,30,top3_30retrieve_gpt_5_gpt_5,gpt-5,gpt-5,6,9,66.66666666666667
Case15458,BRCA1/2,Yes,Not Specified,Yes,Yes,Yes,Yes,81162,Yes,43064,2071,45135,3,30,top3_30retrieve_gpt_5_gpt_5,gpt-5,gpt-5,7,9,77.77777777777777
Case15570,BRCA1/2,No,Not Specified,No,Not Specified,No,No,81162,No,40499,2073,42572,3,30,top3_30retrieve_gpt_5_gpt_5,gpt-5,gpt-5,8,9,88.88888888888889
Case16126,BRCA1/2,No,Not Specified,No,Not Specified,No,Yes,81162,No,52237,1881,54118,3,30,top3_30retrieve_gpt_5_gpt_5,gpt-5,gpt-5,8,9,88.88888888888889
Case17196,CMA,Not Specified,Not Specified,No,Not Specified,Not Specified,Not Specified,81228,No,27257,1821,29078,3,30,top3_30retrieve_gpt_5_gpt_5,gpt-5,gpt-5,7,9,77.77777777777777
Case17595,CMA,Yes,Not Specified,No,Yes,Not Specified,Yes,81228,No,35255,2390,37645,3,30,top3_30retrieve_gpt_5_gpt_5,gpt-5,gpt-5,4,9,44.44444444444444
Case18821,WES,Not Specified,Not Specified,No,No,No,No,81415,No,35917,2454,38371,3,30,top3_30retrieve_gpt_5_gpt_5,gpt-5,gpt-5,5,9,55.55555555555556
Case19162,WGS,Yes,Yes,No,Not Specified,Yes,Yes,81425,No,33721,3796,37517,3,30,top3_30retrieve_gpt_5_gpt_5,gpt-5,gpt-5,4,9,44.44444444444444
Case2007,BRCA1/2,Yes,Not Specified,Yes,Not Specified,Yes,Yes,81162,Yes,70482,1753,72235,3,30,top3_30retrieve_gpt_5_gpt_5,gpt-5,gpt-5,8,9,88.88888888888889
Case2162,WGS,Yes,Not Specified,No,Not Specified,Not Specified,Yes,81415,No,47011,3096,50107,3,30,top3_30retrieve_gpt_5_gpt_5,gpt-5,gpt-5,4,9,44.44444444444444
Case22,BRCA1/2,Yes,Not Specified,Yes,Not Specified,Yes,Yes,81162,Yes,77717,1369,79086,3,30,top3_30retrieve_gpt_5_gpt_5,gpt-5,gpt-5,8,9,88.88888888888889
Case2666,BRCA1/2,Yes,Not Specified,Yes,Not Specified,Yes,Yes,81162,Yes,108539,1689,110228,3,30,top3_30retrieve_gpt_5_gpt_5,gpt-5,gpt-5,5,9,55.55555555555556
Case2847,WES,Yes,Not Specified,Not Specified,Yes,Not Specified,Yes,81415,No,47045,2584,49629,3,30,top3_30retrieve_gpt_5_gpt_5,gpt-5,gpt-5,5,9,55.55555555555556
Case3223,BRCA1/2,Not Specified,Not Specified,Yes,Not Specified,Yes,No,81162,Yes,45029,2075,47104,3,30,top3_30retrieve_gpt_5_gpt_5,gpt-5,gpt-5,5,9,55.55555555555556
Case3494,WES,Yes,Not Specified,No,Not Specified,Not Specified,Not Specified,81415,No,29306,3290,32596,3,30,top3_30retrieve_gpt_5_gpt_5,gpt-5,gpt-5,6,9,66.66666666666667
Case3581,BRCA1/2,Yes,Not Specified,No,No,No,No,81162,No,44296,1559,45855,3,30,top3_30retrieve_gpt_5_gpt_5,gpt-5,gpt-5,7,9,77.77777777777777
Case4196,WES,Yes,Not Specified,Yes,Not Specified,Yes,Yes,81415,Yes,81159,1878,83037,3,30,top3_30retrieve_gpt_5_gpt_5,gpt-5,gpt-5,6,9,66.66666666666667
Case4262,WES,Yes,Not Specified,Yes,Yes,Yes,Yes,81415,Yes,38788,2068,40856,3,30,top3_30retrieve_gpt_5_gpt_5,gpt-5,gpt-5,8,9,88.88888888888889
Case4604,WES,Yes,Not Specified,Yes,Yes,Yes,Yes,81415,Yes,47041,2260,49301,3,30,top3_30retrieve_gpt_5_gpt_5,gpt-5,gpt-5,7,9,77.77777777777777
Case5674,WES,Yes,Not Specified,No,Yes,Yes,Yes,81415,No,40483,3092,43575,3,30,top3_30retrieve_gpt_5_gpt_5,gpt-5,gpt-5,6,9,66.66666666666667
Case5834,CMA,Not Specified,Not Specified,Yes,Yes,Not Specified,Yes,81228,Yes,31517,1752,33269,3,30,top3_30retrieve_gpt_5_gpt_5,gpt-5,gpt-5,3,9,33.333333333333336
Case6747,WGS,No,Yes,No,Yes,Yes,Yes,81425,No,34776,2386,37162,3,30,top3_30retrieve_gpt_5_gpt_5,gpt-5,gpt-5,4,9,44.44444444444444
Case6867,BRCA1/2,Yes,Not Specified,Yes,Not Specified,Yes,Yes,81162,Yes,70488,2329,72817,3,30,top3_30retrieve_gpt_5_gpt_5,gpt-5,gpt-5,6,9,66.66666666666667
Case7447,WGS,No,Not Specified,No,No,No,No,81425,No,36784,2388,39172,3,30,top3_30retrieve_gpt_5_gpt_5,gpt-5,gpt-5,6,9,66.66666666666667
Case8051,WES,Yes,Not Specified,Yes,No,No,Yes,81415,No,47033,3028,50061,3,30,top3_30retrieve_gpt_5_gpt_5,gpt-5,gpt-5,5,9,55.55555555555556
Case811,WES,Yes,Not Specified,Yes,Yes,Yes,Yes,81415,Yes,47064,2260,49324,3,30,top3_30retrieve_gpt_5_gpt_5,gpt-5,gpt-5,7,9,77.77777777777777
Case8485,WES,Yes,Not Specified,No,No,Not Specified,No,81415,No,35022,2582,37604,3,30,top3_30retrieve_gpt_5_gpt_5,gpt-5,gpt-5,5,9,55.55555555555556
Case9349,WES,Yes,Not Specified,Yes,Yes,Yes,Yes,81415,Yes,31646,2836,34482,3,30,top3_30retrieve_gpt_5_gpt_5,gpt-5,gpt-5,8,9,88.88888888888889
Case9408,WES,Yes,Yes,Yes,Yes,Not Specified,Yes,81415,Yes,40503,2132,42635,3,30,top3_30retrieve_gpt_5_gpt_5,gpt-5,gpt-5,6,9,66.66666666666667
Case9773,CMA,Not Specified,Not Specified,Yes,Yes,Not Specified,Yes,81228,Yes,28129,2200,30329,3,30,top3_30retrieve_gpt_5_gpt_5,gpt-5,gpt-5,4,9,44.44444444444444
